,uid,name,content,likeCount
0,1349185977,HVanTam,为什么老是一集？,1
1,1390556754,洪荒大卫润,今天两集,0
2,1219319908,zhanghuquan,怎么都是北大的事情，清华一点戏份都没有啊,0
3,1516261167071488,杏坛浪子11,今天的日子真是来之不易啊,3
4,1187307780,会发呆的小可爱,又看一遍,0
5,1085913914,udjjddbsj,第一,0
6,1709440017,我知道我是谁1988,两集，感动,2
7,2415757589,毛怼怼的老棉裤,大聪明,5
8,1631161004597504,用户5cb8844402100,哎哟喂 这些个年轻人呀,10
9,1088405987398887,用户3dde6444014e7,大聪明,12
10,1319070613,爱喝茶de公仪安萱,感谢还行？,28
11,1655875492,超爱打羽毛球的轩辕令燕,第二,0
12,1160014167,圣洁花仔,第三,1
13,1790947109,凤凰放飞多吃菜,看这个剧呢请你们啊都不要嘻嘻哈哈的啊,17
14,344311493307353,ALaurus.,第一,1
15,2427264433,等闲平地风波起,两集，开心了,2
16,1380128025,边疆旅人,危机公关要,9
17,1646009799,超爱逛街の上官漾漾,来了来了,2
18,2417545523,我不知会梦见你,今天又更新两集,5
19,1566464093,喜欢吃桔子de公坚开诚,第三,2
20,1620142060,喜欢喝红酒の亓官孤菱,静静的看,2
21,150453448,jameswater007,两集了,1
22,1582105897,狐狸狐狸鱼鱼鱼鱼,第四,2
23,1185571336,189****9646_m1814,好看,2
24,424938833969857,用户1827ac84002c1,逆向思维，高,201
25,1458193582,大大声咯,来了来了,1
26,2251312042,Mjh_qq1481,辩证法，但需要能动性,10
27,1054685320,*佳影有约*,第五,1
28,1634360815,超爱吃香肠de成公锐利,这个思维,14
29,1771231812,利物浦的Gerrard,这女生好可爱,19
30,1596502449,克利奥的蝎子精,施存统，施光南老师的父亲,8
31,1773555688,哇哦鸭子哎,太年轻,2
32,1458193582,大大声咯,第六,0
33,1016344049,Y石头大侠Y,厉害 ！这个时候的人有这种观念不简单啊,19
34,1369623849,幽雅潇洒的西蒙科斯罗斯基,沉重太嫩了，低估了斗争的残酷性,59
35,2202183681,紫色花秘,这个互助论我记得在欧洲也失败了呢,8
36,1501601448,喜欢喝酸奶的夹谷锐志,年轻啊，死读书不行的,3
37,1771324251,回忆中的思绪,逆向思维,3
38,1502236049,陈星星喔,思路清奇,6
39,306799819358524,樑寛,大聪明,1
40,1704418387,用户65975c53,就是别人说的是事实呀,2
41,1386651498,浓一点都不吃,这个思想太绝了，他还是太嫩了，一个字太嫩了。,8
42,1576013420,日渐暖而玉生烟,真的蠢,0
43,2343406226,瓊_ZZ1221,更新25集了,3
44,1373634609,Kwan2016,都是阿Q,2
45,1705105665,用户65a1d901,他们没有组织和理论基础,76
46,2251312042,Mjh_qq1481,关键是，报导有捏造成分，应该澄清一下,159
47,1463758130,yun蓝色的福桥,这是好剧,3
48,1499135726,彡口一头猪,人家真敢,5
49,1245615296,Guiiwa,给你们上一课,14
50,1423063332,一石好多鸟,拿嘴保护。。。,80
51,1279784646,150****7484_m1295,你们就五百多块钱，很快就要吃素了,107
52,1485540408,暗号我是你爸爸,这怕不是一楼宿舍吧哈哈哈,5
53,1190716274,哒零儿,这就是初期的战斗,4
54,2074769399,真星月之链,只要人还有七情六欲这互助社就不可能成功，特别做大以后更会有权利之争,137
55,448720738986132,用户1981bf0402894,一下子看了八集，好剧呀！,6
56,1648306415,悲催跨界,米格5225,4
57,2303645739,咕噜咕噜棒棒,乔年小可爱,8
58,1465851877,喜欢吃锅巴的羊角骏俊,有人吗,0
59,866792352253947,SNLIMN,有人吗,1
60,2276910554,舒文童,没人吗,2
61,1572501765,Y_YHY_Y,就好奇，他们认识那女人么,3
62,1621911376,我的个人Lucas,除了会说第一能说点别的不,4
63,859831653105952,用户30e0328400120,有人,0
64,1705579694,用户65a914ae,跳窗跑了,4
65,1748292702,Yuhao宇豪,有人,0
66,1043724875,fk_liuyong,例行检查,1
67,344311493307353,ALaurus.,从消防通道跑了,8
68,2294298504,龙月·小唐,那个时代有牙粉，但牙刷是现代版吗,19
69,1609324768,AstorL,哈哈哈哈,3
70,1835855988,朱可微,全体起立,8
71,1042620265,伊次  波娜  阿特,哈哈哈,1
72,1832371516,我要考六级.,牟星真好看,14
73,1712888272,用户661899d0,这很简单，多出一个空床位，证明人跑了,50
74,1366071608,天国之剑,牙刷的有些久了！,8
75,1364189505,黑色袁梅艳,今日来之不易,5
76,1663077040790336,树杪缁衣,这种牙刷明代就有了,157
77,2465738094,鼎岳周煜城,哈哈哈全体起立,16
78,1292819449,187****0871_m1746,两集！过瘾,4
79,1701417410,日生儿,哈哈哈哈哈哈哈哈哈哈哈哈哈哈哈哈,124
80,1431465431,陈仁杰,辜老直呼内行,3431
81,1445418630,Lost&amp;Finding,延年反应真快,329
82,1567561464457217,晚安阿雪。,哈哈哈,4
83,572759092668519,靓仔小新啊啊啊啊啊,哈哈哈哈哈哈哈哈哈,1
84,2462299321,冉叶飞,哈哈,0
85,1607470242,喜欢奔跑de士孙高邈,这牙刷的,69
86,1447367041,爱柔道de青阳盈盈,哈哈哈哈,0
87,616444983248895,蛟胖子,哈哈哈哈哈哈,0
88,1484477905764992,涩涩的大圣,没人看吗？,2
89,1279784646,150****7484_m1295,你那些牙膏泡泡不滴到身上也是厉害,114
90,1502730931,喜欢喝汽水的达奚昆宇,正确刷牙姿势,25
91,2322339091,初夏永宁,这一对也蛮甜的哦,463
92,1197026456,淡淡的耳冉,演的好,2
93,353205699486355,zhantiene,延年，帮,0
94,1748264396,用户683465cc,想知道用的什么牙膏,7
95,1671743036,Matrixco,哈哈哈哈或或,4
96,1473262821,随风让他去吧,过瘾,2
97,1566464093,喜欢吃桔子de公坚开诚,有人,1
98,1303868893827903,执余生112,可以可以,2
99,1016344049,Y石头大侠Y,牙刷 牙粉 唐朝就有了啊 我的天  最早牙刷 是用猪鬓毛做的,124
100,1224852434326331,moon叔的满天星,小姐姐好可爱,51
101,362086081234518,simile00,演的真好,2
102,1469577456453680,✔卡戎,这对话，厉害,82
103,1372857676,小好的小好,要是我，比她还横，哈哈哈哈,101
104,1563617093,吃胡萝卜的天鼠,路人不错,2
105,643463146119428,ZXJ~fx,哈哈哈,0
106,2148683077,物是人非_qq1593,小姐姐好可爱,8
107,1671743036,Matrixco,哈哈哈哈哈哈哈,4
108,643463146119428,ZXJ~fx,哈哈哈,0
109,1228524732,丶耿耿于我心,这个野馄饨肯定好吃,16
110,1607241354,血崩的蔡文姬,哈哈哈哈哈哈哈哈哈哈哈哈哈,2
111,2379511727,山多雨多,哈哈哈哈哈哈哈哈哈,0
112,2148683077,物是人非_qq1593,小姐姐好可爱,234
113,2379511727,山多雨多,哈哈哈哈哈哈哈哈哈哈哈哈哈哈,0
114,882909015704411,Rrrrrrrandom,哈哈哈哈哈哈哈哈哈,15
115,2111931572,猫耳开关,哈哈哈哈哈哈哈哈,10
116,1634360815,超爱吃香肠de成公锐利,哈哈哈哈或,4
117,1797833872,Maham Chan,哈哈,0
118,2148683077,物是人非_qq1593,小姐姐好可爱,60
119,2393119865,一点半学不需要,我被这小姐姐圈粉了,190
120,344311493307353,ALaurus.,孙俪,6
121,2148683077,物是人非_qq1593,小姐姐好可爱,8
122,1447367041,爱柔道de青阳盈盈,哈哈哈哈,0
123,1081965610,187****2843_m1141,没人,1
124,1759534549,蓝-ll,太可爱了哈哈哈哈哈,5
125,1739579651,风之发端,民国版恐龙,13
126,1669689578,晨起、云散,哈哈哈哈哈哈,0
127,2054911414,花泽凌1314,墙砖演得好,10
128,1359650956,为什么我叫这个,哈哈哈哈,1
129,1648306415,悲催跨界,这就是威廉王子！,4
130,1550386393515264,石榴 少年,这确定能上来？,3
131,1647026805,颖baby  朵朵,啊啊啊,1
132,1617156346,夜♂♡de星空☆,表情很真实,19
133,1430742720,吴晴伤,专心看细节别吵我,3
134,1588357963,喜欢健身的子书优扬,喜欢易姐姐,1
135,1704418387,用户65975c53,这爪子看起来没有肉,2
136,1498087784891136,枯叶落地无声,这个墙都在动,42
137,1734565665,仙仙困死了,哈哈哈哈哈,1
138,1550386393515264,石榴 少年,最后一个人咋上,215
139,1292819449,187****0871_m1746,这边砖头都垫好了😁,45
140,1216087429,189****9807_m1522,还挺可爱的,8
141,1366763790935308,少时诵诗书%,这还给楼梯啊,46
142,1269466093,隋 海洋,厉害了,1
143,1434277089,十宅九八卦凯定,你们都不会进去一个人去开门,172
144,1639477650,超爱赛跑の公广半青,就是,0
145,1488721729,你大爷终究是你大爷爷,是有点像孙俪,5
146,1320569072,学医如高三,不是，最后这个人怎么上来的,1033
147,1555657794790272,用户586dcce402380,好剧，难得的好剧！,6
148,2148683077,物是人非_qq1593,小姐姐好可爱,6
149,1436989905,爱潜水de端木俊喆,第二个人给拉上来的,186
150,1579919312,喜欢喝纯净水的轩辕乐生,右脚踩左脚上来的,82
151,1498087784891136,枯叶落地无声,男生一跳就上来了,5
152,1183702928,江湖骗子789,为啥不去开门？,3
153,601632278591118,未知用户,都踩你们了，还找呢,16
154,1270487568,hcgayhui,我就想问 这最后一个没看见拉 这么上来的,0
155,955781558044977,可乐加冰啃鸡翅,一帮淘气的孩子,1
156,2236982783,铜锣烧蜡笔小新,哈哈哈,0
157,1319070613,爱喝茶de公仪安萱,原地起跳一米,3
158,1422138975,🍊子气泡水,柳眉不是知道原名吗,8
159,2148683077,物是人非_qq1593,小姐姐好可爱,2
160,2224871732,胡亚迪_qq1379,这几个人没见过张丰载吗,32
161,1648306415,悲催跨界,吕布的人！,2
162,315693962629786,心伊紫,这不是老熟人了吗,327
163,2148683077,物是人非_qq1593,小姐姐好可爱,1
164,1292964580,犀牛大师老春abc123,bu不要问，问就是没有,8
165,2291806217,秋初.雨未寒,文化派系之争，自古就有，就看谁落实到民众了,10
166,1502266668,两个_ _空格,这小子看的远,189
167,1648306415,悲催跨界,他们三年前就来潜伏了！,11
168,1625959635,刘东疯🧚,还是带上了自己爹哈哈哈哈哈哈,323
169,1210708030,lhhhhhhhho,还是心疼爹,180
170,1371012737,虚陵____,还是延年理智,11
171,1634360815,超爱吃香肠de成公锐利,沉得住气,1
172,1750793916,元气少女郭德纲🍀zzzzjy,没人吗,0
173,2262835652,chengyu9198,哈哈哈哈哈哈,8
174,1237913396322587,淮北✨,哈哈哈哈哈,6
175,1245615296,Guiiwa,哈哈哈哈,4
176,1002416946,九笲笲笲,哈哈哈哈哈,6
177,2384395087,倩总小草莓🍓,哈哈哈哈哈哈哈哈哈哈,1
178,1560116365,☜上岸撒尿的鱼,哈哈哈哈哈哈,4
179,1497941237,CASTLE Y,哈哈哈哈哈,2
180,1244484427,150****0600_m1583,踢人😅,7
181,1297147799,李艾瑶丶,哈哈哈哈哈哈哈哈哈哈哈哈哈,5
182,1259970785,18833317967,哈哈哈哈哈哈哈,4
183,1555409391330624,肉肉ω$,哈哈哈哈哈哈,4
184,1432394547,叽里呱啦fyrk,哈哈哈哈哈哈哈哈哈哈哈哈哈哈哈哈哈哈哈哈哈哈哈哈,1
185,993753095479573,ALi77⭐,哈哈哈哈哈哈,1
186,2424662114,你若安好便是晴天_wx3876,哈哈哈哈哈,0
187,908878233477762,🍃cruel summer🍂2000,哈哈哈小易真的好可爱,180
188,2336844516,苏酒jiu,哈哈哈哈哈哈哈,4
189,2305546860,Baby_199706,哈哈哈哈哈,0
190,1445107291,小鸡嘎嘎达,哈哈哈哈哈哈哈哈哈,0
191,1524442777789760,....3017,哈哈哈哈哈哈哈哈哈哈哈哈哈哈哈哈哈哈哈,0
192,2393119865,一点半学不需要,音乐逐渐智慧,483
193,1596911190542528,兴和一家,有钱，居然有二八自行车,50
194,1228242651,183****6821_m1336,喜欢易小姐,9
195,1784696475,宋旧迎欣,哈哈哈哈哈哈哈哈哈哈,0
196,572759092668519,靓仔小新啊啊啊啊啊,哈哈哈哈,1
197,1344149542,蓓蓓七七,还用问吗,5
198,1648306415,悲催跨界,这就是了，这次是第四次了吧！,14
199,1452203346,爱打高尔夫球の闾丘晨辰,咋看不见画面,1
200,1093066265,霹雳华府,哈哈哈,1
201,1279784646,150****7484_m1295,易夔人的女儿就是见过世面,19
202,2148683077,物是人非_qq1593,小姐姐好可爱,5
203,1639055631,　 婲o咘ο哚°　　,哈哈哈哈哈,1
204,1245615296,Guiiwa,哈哈哈哈哈,3
205,2148683077,物是人非_qq1593,小姐姐好可爱,5
206,1103266822,137****7718_m1959,这自行车厉害了,2
207,2148683077,物是人非_qq1593,小姐姐好可爱,7
208,2031460883,跳梁的芝麻,这个智商.....,373
209,1668911251,魔卡小漫,好家伙,5
210,1269772314,冰域血蝠1,哈哈哈哈,1
211,43985898,月光飘扬2008,卧底,18
212,1475161638,EverestM,卧底好家伙,781
213,1245615296,Guiiwa,哈哈哈哈哈哈哈,2
214,1509371777,喜欢吃泡面de北堂梦月,这个柳眉。。。,4
215,1654169246,超爱打篮球的太公欣欣,灵光起来了,292
216,1612764014,TinkSSv,张先生？？露馅了,631
217,1269647781,wongyiong,好家伙,1
218,1573171161469696,用户596ca74401300,她绝对是队友，延 年在这边呢,276
219,1479322903,八个哈哈小可爱,好家伙,2
220,2148683077,物是人非_qq1593,小姐姐好可爱,8
221,1590884156,潮韩轩,厉害,3
222,2263065212,钱大星大星_Cherry,柳眉反应快,481
223,1609324768,AstorL,柳眉机智,211
224,2111931572,猫耳开关,厉害啊,5
225,1293878199,一只环游世界的🐑,演起来了,176
226,2399925019,胖胖旺,女人懂女人！,1114
227,1036044065586116,岸边露伴哟,柳眉从一出场就是这个样,170
228,2459233456,涛哥原创W,北大早起表演系,1093
229,1057598926,奔跑小龟,演戏呢。,66
230,1252090776,188****7229_m1818,哈哈哈哈哈哈哈哈哈,1
231,2355599905,Booy灬小兔子,“我不知道”这个表情真行,474
232,1475161638,EverestM,延年表情笑死我,33
233,1811862519,最好不过黄子韬,戏演的好,10
234,1682673281,莫挨老子，傻狗来找茬,这些学生都很聪明啊,272
235,2071310738,零約束,还是女孩子会演,175
236,1496785145,喜欢吃零食的太史芸儿,都是和演员啊,6
237,1741341374,好名字没了吧,反间计？,48
238,1632025581,谦love莎1314,以彼之道,9
239,2004109519,云深间,打入敌人内部,97
240,2148683077,物是人非_qq1593,小姐姐好可爱,9
241,1831510185,周丘丘,聪明啊,43
242,1175309013600260,用户42ceff441c804,早期表演系可还行哈哈哈,1148
243,1251126323,给我一块儿薄荷糖,不亏是舞台剧女主角,1674
244,1323864605,天上蛋飞过,套路啊,7
245,1499948814181697,用户554320c402541,哈哈哈,1
246,2291806217,秋初.雨未寒,没打字幕的都是虚构人物，别较真,89
247,1382101064,不能吃甜食的人,柳眉这一招可以,355
248,1276391314,139****0807_m1893,哈哈哈哈哈哈哈,6
249,1049293800658184,北宁Benny,哈哈哈哈哈哈哈哈,3
250,1105883316632385,邪帝～苍龙,演员，哈哈哈哈哈,14
251,1277054157,我简直可爱到爆乐,厉害👍🏻,0
252,1440649032,游离弱风,哈哈哈哈哈哈,1
253,634096493528777,就让他带走你的那瞬间,北大有表演系了,865
254,454697185978395,栗鹿角儿,哈哈,1
255,784723848725778,可哇咿,哈哈哈厉害,1
256,1260377526,188****5482_m1962,不待也罢,2
257,1594089643,深圳南山大旺,好强表现力👍,14
258,1634360815,超爱吃香肠de成公锐利,智商上线了,18
259,1498785616248640,换个风风火火,卧底,2
260,1280678490575242,来自星星的你、、,奥斯卡最佳,52
261,1291741205,gammd77丶,哈哈哈,0
262,2148683077,物是人非_qq1593,小姐姐好可爱,6
263,1425559833,爱看电视de尉迟颖颖,北影的前辈来了,816
264,1154285310,181****8678_m1320,延年的表情,96
265,1609324768,AstorL,哈哈哈哈哈哈,4
266,1735738156869632,用户62aa508436800,爱了爱了,0
267,1431465431,陈仁杰,这是要打入敌人内部吗,81
268,1661834174,神秘的小小酥,苦肉计啊,8
269,1614665050,嘻嘻嘻嘻嘻111111111,肘子🍖,1
270,2244668985,jh19801_wx1795,柳眉出来就坐实了文章就是他写的,164
271,1771324251,回忆中的思绪,都是文化人 计策说来就来,40
272,1359650956,为什么我叫这个,哈哈哈哈哈哈哈哈卧底了,219
273,1385805025129263,苼有云阙歌,哈哈哈哈,3
274,1187357507,真是妙啊23333333,妙啊！！！,17
275,1723217051,用户66b6349b,是不是故意的,69
276,2148683077,物是人非_qq1593,小姐姐好可爱,32
277,1570862482340672,用户594b0ec403b40,哈哈哈哈哈哈哈哈哈哈哈哈哈哈,11
278,2249726417,王奕童_qq1959,哈哈哈哈,0
279,1671743036,Matrixco,哈哈哈哈哈哈哈,10
280,361918409737793,月亮蘸星记.,哈哈哈哈哈,1
281,2111931572,猫耳开关,哈哈哈哈哈哈哈,7
282,1339349757,宥妳眞好520,演的不错,18
283,1770451199,王特困,哈哈哈哈哈哈哈,1
284,2341183927,贾金金071212,间谍来了,700
285,1486030157,双飞翔北林,可以可以,2
286,1566790996,勇爱芳520,演戏可以啊,16
287,1444709615,杨猪猪曼婷,笑死我了,6
288,1288930380,112233钰,老张：你们好演技,1071
289,1326064651,幸福de123,哈哈哈哈,0
290,1105883316632385,邪帝～苍龙,哈哈哈哈哈哈哈哈哈哈哈,5
291,1704703099,来日方长71,可以可以,0
292,1413289225491207,小鈺鈺同学,柳眉,5
293,1417345305,葫芦柴柴,茶言茶语,717
294,1459271158,拂灼长安,哈哈哈哈哈哈哈哈哈哈哈哈哈哈哈哈哈哈哈,4
295,2148683077,物是人非_qq1593,小姐姐好可爱,5
296,1230525740,boomerangers,红红火火恍恍惚惚,1
297,1733243858,耳麦天使07,这演技杠杠的,330
298,2000032575,wjhaoa,哈哈哈哈哈,9
299,1150939760,雨昕的晴儿_better,哈哈哈哈哈哈哈哈,1
300,2344245007,箬神_qq1525,哈哈哈哈哈哈哈哈哈哈哈哈哈或或或或或或或,61
301,572759092668519,靓仔小新啊啊啊啊啊,哈哈哈哈,0
302,1240052193,吃瓜瓜的墨墨,哈哈哈哈哈哈哈哈哈哈,0
303,1509939381,耶耶耶耶🎆Lauren,笑死了,7
304,1770975621,果果大牛,小草永远是小草，怎么长成大树呢，不科学啊,226
305,1324708612015900,用户4b4d0c240071c,一根小草,3
306,1441920417,爱吃西瓜の公伯景彰,可以可以,1
307,1809207658,用户6bd6516a,哈哈哈哈哈哈,2
308,1485908778,香草奶油小兔叽,笑死我了,0
309,1367288756,勤劳の路卡巴班克,哈哈哈,1
310,1332115742,暗桃,哈哈哈哈哈哈哈哈哈哈哈哈哈哈,0
311,1623120725153408,用户5c4383e401680,延年：看戏,3
312,1489634444,雪落山庄.,终于知道她为什么嫁不出去了……,5
313,2148683077,物是人非_qq1593,小姐姐好可爱,4
314,1634360815,超爱吃香肠de成公锐利,延年表情,6
315,1798003805,用户6b2b5c5d,戏精,1
316,1307784765,罗曼.雷恩斯RR,笑死我了,0
317,1577552380,不喜欢的苹果,哈哈哈哈哈哈哈哈哈哈哈哈哈哈哈哈,0
318,1441164700,zhouzhuangyin,哈哈哈哈哈,0
319,2487493960,松鼠鱼155,哈哈哈哈哈哈哈,0
320,1355187796,大蒜and芋头,准备打入敌人内部,333
321,2339145876,蒋冬勤的爱奇艺帐号,演员的诞生,146
322,2321109620,奇异果0007,张先生？,5
323,2425045213,黄慧々,怎么叫张先生了,26
324,1594453162,靓仔靓仔！,录音来一段,7
325,1371012737,虚陵____,哈哈哈哈哈行啊,3
326,1757619320,用户68c32478,踩人这新人演技可以，将来有的发展,113
327,1324068498,心殇双眸邃,反派演得也可以,5
328,1702926279,xhua123666,小草怎么长成大树?,19
329,2372822951,昊S_qq1333,哈哈哈哈哈哈哈哈,6
330,2600360963,喜欢喝橙汁の达奚蕊珠,斗转星移来着,7
331,2248274511,李倩影_qq1377,哈哈哈哈哈哈哈哈哈,6
332,1208379036,Jeffreeeee,哈哈哈哈哈哈哈哈哈,7
333,616444983248895,蛟胖子,哈哈哈哈哈,1
334,2071310738,零約束,演的好。。,10
335,1824688504,用户6cc28978,哈哈哈哈哈哈哈哈,5
336,2001357513,梧桐树下好乘凉123,太可爱了吧,231
337,1442461154,爱马拉松的公广瑞灵,哈哈哈哈,1
338,1594505271,喜欢喝果汁の褚师阳飇,你过来呀,1
339,2600360963,喜欢喝橙汁の达奚蕊珠,以其人之道还治其人之身,360
340,1240306843,137****1030_m2410,北京电影学院前身,1138
341,1524173105,十三1＆,哈哈哈哈哈哈,2
342,1453401820,untitledෆ⃛,哈哈哈哈哈哈哈哈哈哈哈哈,5
343,1367288756,勤劳の路卡巴班克,厉害👍,2
344,1616812329,Amber_yaojing,哈哈哈哈哈哈哈哈哈哈哈哈哈哈哈哈,1
345,1433150879,爱吃薯条de谷梁彭魄,演了太好了,425
346,1586087545,那谁妹妹,哈哈哈哈哈,0
347,1692605426,用户64e31bf2,好可爱哈哈哈哈哈哈,618
348,1827375941,吴江渚上,你这接的好啊,616
349,1274959828,137****1644_m1596,我咬死你！,96
350,1459271158,拂灼长安,哈哈哈哈哈哈哈哈哈哈哈哈哈哈哈哈哈哈哈,0
351,2471653224,昆仑剑仙,有点可爱呢,9
352,2468247625,想啥破名好呢,俩小姐姐太可爱了,265
353,2064374481,EndOfMaster,这个有点飘了,5
354,1503601665,唉什么名字才没被占用周狗,哈哈哈哈哈哈哈哈哈哈哈哈哈哈哈哈哈哈哈哈,5
355,1032798566,yc樂音清揚,成功打入敌人内部,558
356,1433150879,爱吃薯条de谷梁彭魄,笑死我了,6
357,1559709312,喜欢跳远de第五莺莺,喜欢这易,2
358,1588357963,喜欢健身的子书优扬,易姐姐可爱,44
359,2417050613,shape异界,打入敌人内部了,957
360,2144792634,三三酱ss丶,哈哈哈哈哈哈,2
361,1790296287349056,用户65c43d6400940,哈哈哈哈哈哈哈哈哈哈哈哈哈哈哈哈哈,12
362,1616812329,Amber_yaojing,笑死我了,2
363,1797186860,思绪扰乱了情绪～～,哈哈哈,0
364,1394954514,毛毛猫略略略,非正常拍摄的笑死我哈哈哈哈,1204
365,1682286742,跑呀不要停,好配合,5
366,1759534549,蓝-ll,太可爱了,7
367,1567237270,rbndor,无间道,46
368,1431465431,陈仁杰,无间道啊,364
369,923485618579482,桂圆:/,哈哈哈哈哈哈哈哈哈哈哈哈哈哈哈哈哈哈哈哈哈哈哈,1
370,804909658158319,飞飞🍦fly,哈哈哈哈哈哈哈哈哈哈哈,2
371,1434574275,爱懒床の微生芳苓,哈哈哈故意透露给他信息,438
372,1520997629,捧风味的巧克力,哈哈哈哈,0
373,1494558256,喜欢吃甜食de睇睇,哈哈哈哈哈😂,2
374,2244668985,jh19801_wx1795,柳眉够聪明的,622
375,2111931572,猫耳开关,哈哈哈哈哈笑死,18
376,1759432890,用户68ded0ba,这招太高了,324
377,1093212554,187****1688_m1202,不入虎穴焉得虎子,260
378,1324708612015900,用户4b4d0c240071c,演的好像,10
379,1388998110,爱打乒乓球の闾丘飞捷,戏精,4
380,1227410987,脑洞大开小作者,电影学院你开的吧哈哈,366
381,1717470633,烫糖抖豆都森生er,哈哈哈哈哈哈哈哈哈哈哈哈哈哈,3
382,1162611113,🌙庄,她们之前就拍过  这点默契还是有的,202
383,1376779688229309,宇悦天下,哈哈哈哈哈哈哈哈哈哈哈哈哈哈哈哈,10
384,1498878796906304,开开心心的就好111111,好聪明,8
385,2204746552,寻宝游戏👑💿,哈哈哈哈哈哈哈哈哈哈,1
386,1486690992,杨杨杨七鱼,非正常拍摄哈哈哈,720
387,1573216062,MuraeHaruki,道可道 非常道,210
388,1839811161,用户6da94a59,哈哈哈哈哈哈哈,0
389,1756559093,杨爱l,哈哈哈哈哈哈哈其实哈哈哈哈哈哈哈去吧,13
390,1745996520,用户6811cae8,哈哈哈哈哈哈,1
391,1781182124,用户6a2aaeac,无间道,223
392,1477581422,哥哥我想吃咖啡机,接近你的朋友，更有接近你的敌人,103
393,2262070997,晓青的果子,哈哈哈,0
394,2438518280,有情章鱼哥,好家伙,7
395,1735251068,呵呵呵呕呕,憨憨上线😂,9
396,1292934367,187****5408_m1197,来了来了,0
397,1621789576,呼吸百川111,哈哈哈哈哈哈哈哈哈哈哈哈哈哈哈哈哈哈哈,1
398,966724161644637,塞焦糗,柳眉机智啊,175
399,600181519156833,朴瓠犀,哈哈哈哈哈哈哈哈,0
400,882909015704411,Rrrrrrrandom,录音笔快快快,109
401,1748628538,-七月😉⭐,上钩了！哈哈哈哈哈哈哈,10
402,2452598594,街声_qq1133,好家伙,4
403,1701417410,日生儿,哈哈哈哈哈哈哈哈哈哈哈哈哈,0
404,784723848725778,可哇咿,要有录音该多好,17
405,1778368530,用户69ffc012,哈哈哈哈,0
406,1818283268,用户6c60cd04,好家伙……,0
407,1442546578,爱看电视的公孙乐池,高 实在是高,18
408,1477037453,美美的猪精女孩,红红火火恍恍惚惚,1
409,1578596678273024,昝嘟督,够配合,0
410,1154805016,woody5cool,以其人之道还治其人之身,9
411,2434314374,我行我素_qq5515,哈哈哈哈哈哈,0
412,1618138509,喜欢奔跑の皇甫琴心,最早的敌后运动,334
413,1192656059,183****7979_m1181,太聪明了吧,5
414,1279784646,150****7484_m1295,快速打入敌人内部,168
415,1239789051,137****2633_m1290,哈哈哈哈哈哈,1
416,1590377542,正圆中合,反间计,4
417,2257622805,刘立冬_wx1234,成功打入敌人内部,117
418,1523597987,喜欢喝茶de公门安春,笑死我了,2
419,2111931572,猫耳开关,高啊,3
420,821930479331326,果冻嘻嘻嘻,有没有带录音笔,13
421,1433933881,爱吃水果de王官宏达,哈哈哈哈哈哈哈哈哈哈哈哈哈哈,0
422,1208781473,同一种调调0513,牛啊牛啊,4
423,2289944725,罗小帅与陈大美,牛皮,0
424,1461445016,夜游神wg007,柳眉聪明,9
425,915699983766791,。Tyler⛄,哈哈哈哈哈哈哈哈哈哈哈哈,1
426,2148683077,物是人非_qq1593,一直在酝酿一个大计划,14
427,1591004134122752,极予,给我整蒙了，我的天，哈哈哈哈,8
428,310006918415679,陈祥钐,录音笔搞起,16
429,2325783318,帅醒的早晨,啊哈哈哈,1
430,1433150879,爱吃薯条de谷梁彭魄,哈哈哈，笑死我了,3
431,1748264396,用户683465cc,无间道啊,2
432,1230004929,樱柔吖,碟中谍,7
433,572759092668519,靓仔小新啊啊啊啊啊,哈哈哈哈,0
434,1445968297,爱吃烤翅的阿雪,牛啊牛啊,2
435,1513558483,鑫鑫鑫鑫月,666666666,6
436,1683198418,囤喵,哈哈哈哈哈哈哈,2
437,1835337353,用户6d650689,我二叔是武松！！！,141
438,2472375996,EXO感动,哈哈哈哈哈哈哈哈,0
439,1825286826,怡情悦性的😚1214,哈哈哈哈,0
440,1013592830,1151206839,录音笔呢,3
441,1633079474,爱荣爱坤爱帅哥,特工天赋啊,363
442,1647328350,超爱吃饼干的叔仲松雪,哈哈哈哈哈哈哈哈哈,0
443,2343015127,就这样1212,笑死,2
444,1615222687,喜欢喝饮料de太叔天慧,上钩了,17
445,2235632712,邱丰_qq1695,细节，牛逼,12
446,1477788863302648,有会员了啊,柳眉可太理智了,12
447,1645405675,👉Tina♥👈,哈哈哈哈哈哈哈哈哈哈,0
448,465714615945253,用户1a790a2400825,红红火火恍恍惚惚,6
449,2467850018,ぺ潇洒姓|涵雅,哈哈哈哈,2
450,2071310738,零約束,敌后工作者既视感,623
451,1510446899,喜欢喝牛奶の哥舒念霜,哈哈哈哈哈哈哈哈 看到这里终于解气了,13
452,1224852434326331,moon叔的满天星,美人计吗,16
453,1509812312,一懒众衫小💔deng,66666666,1
454,1489603548,尕看剧,牛啊牛啊！,2
455,2180192595,我和夏天来了哦、,无间道啊 哈哈,19
456,1475833615,喜欢吃火腿の叱干雅志,柳眉可以进蓝衣社了，天才,112
457,2443862967,渔歌haa,可惜了没有录音机,87
458,1512784760152704,啊啊啊我的没错，你,大家都挺年轻的,256
459,822526506707274,用户2ec156040294a,要以其人之道还治其人之身了,114
460,2148683077,物是人非_qq1593,录音笔搞起,18
461,1582031791,喜欢吃绿豆沙的独孤思凡,大聪明呀,5
462,1761520582,㈨㈥㈧,都是有关系的主,7
463,1093212554,187****1688_m1202,聪明反被聪明误,129
464,2207257563,若失若离1314,疯载难过美人关,610
465,2512192999,糖豆的唯一姥姥,哈哈哈哈,0
466,2184062596,Heralds,卧槽牛逼啊,127
467,1498878796906304,开开心心的就好111111,优秀啊,7
468,1376779688229309,宇悦天下,哈哈哈哈哈哈哈哈哈哈哈哈哈哈哈哈哈哈哈,2
469,1718648716,用户66707f8c,美人计？快拉倒吧😂,13
470,1662116294,MD刘。妮儿,毕竟还是学生再坏能坏到哪儿去，还是少了些心眼,61
471,1479650266,ZY_c98,哈哈哈哈哈哈,0
472,1560591820,喜欢玩篮球的公祖梦丝,大聪明,5
473,424938833969857,用户1827ac84002c1,以牙还牙,5
474,1012015948,970196627,讲真话啊，这个柳眉呀，很像我的妹妹长相。,13
475,999707430102784,哆啦不做梦@,好家伙,0
476,1360540580,爱喝饮料的子车慕山,哈哈哈哈哈哈哈哈哈,3
477,1362626850,幸运儿567🤗,碟中谍,32
478,2263056610,高瑜欣_qq1423,哈哈哈哈哈哈,0
479,1496521877,chuting子,蠢啊,4
480,1262221279,EnticEHH,张丰载原型张厚载,195
481,1806312850,近视眼111222,憨憨,6
482,1604162044,紫苏上仙,太可爱了,0
483,1573604460,喜欢吹口琴de慕容碧曼,哈哈哈哈哈哈哈哈哈哈,0
484,1427749877064336,仗义的没有口袋的哆啦,大聪明,12
485,1308894770,爱阅读の淳于山兰,反间计,18
486,2325783318,帅醒的早晨,有录音机就好了,195
487,1659257808,dr^Chenyx,要是有个录音就可以了,69
488,1798003805,用户6b2b5c5d,人才啊,7
489,2148683077,物是人非_qq1593,大家都挺年轻的,256
490,1245615296,Guiiwa,哈哈哈哈哈哈哈,2
491,1351210575,泰然自若の鲁丝桑德加德,英雄难过美人关啊,260
492,2488628290,好甜hope,哈哈哈哈哈哈,0
493,1754468829,心恰好动了f,爱了爱了,0
494,2488098872,林荣园,哈哈哈哈哈,3
495,1840382686019392,江山可沽酒,哈哈哈哈哈哈哈哈哈哈哈哈哈哈哈哈哈哈哈哈哈哈哈,0
496,1386651498,浓一点都不吃,哎呀妈呀，这是无间道呀。,566
497,1292964580,犀牛大师老春abc123,哈哈，将计就计,76
498,2588168587,北原 祭,全盘托出,1169
499,1502264320,洗方次拉面的小胖子,柳眉聪明😊,10
500,1492558380,羊仔和圆圆的幸福账号,哈哈哈哈哈哈哈哈哈哈哈哈哈哈哈哈哈哈哈哈哈,0
501,1659616941326144,stoikiy,大聪明,37
502,2120195945,Hurricane_L,全招了啊这,80
503,1684228915,用户64634b33,那时候有录音笔吗,17
504,1692188022,呦呦呦💪4894,哈哈哈哈哈哈哈哈哈哈,2
505,2450178390,竹修心,23333,1
506,1679904651,用户64214f8b,不错不错，最佳配角非你莫属,3
507,2475042846,aaa99818,憨憨,4
508,1609016565,Sharry咩咩,哈哈哈哈哈😄,0
509,1328829257,薇薇ip～,铁憨憨。,6
510,1380128025,边疆旅人,小子江湖经验还是浅啊哈哈哈哈哈,15
511,2412358864,今天刚好,男人啊,6
512,2402463241,vice、CN,哈哈,0
513,1389111144,adamtang123,666666666666666,2
514,2148683077,物是人非_qq1593,有录音机就好了,7
515,1264389080,～LIA-,妙啊 柳梅,10
516,2452598594,街声_qq1133,真的憨,2
517,1565788475,玫瑰51513,柳眉，还真是来当卧底的；,7
518,1572501765,Y_YHY_Y,这货就是太自信了,298
519,2205237702,张小晗_qq1994,反将,2
520,1625342180,小陈探长,吉吉国王：这剧情我熟啊,116
521,1818283268,用户6c60cd04,臭男人忍不住炫耀,448
522,1497015385076928,xiaozi713,人才啊 柳眉！,170
523,2206224073,王倩_qq8238,哈哈哈哈哈,0
524,1430227518,叶修家养的乔沐沐,万万没想到,5
525,1296213122,我的激怒,可以可以,0
526,1825036182,我喜欢你叫爸爸的样子,反间,6
527,2266339740,大菠萝666888,录音笔,1
528,1220159107,smile蔷薇光年,虽然他很坏，但好在他很傻,5947
529,1724507253388928,旋律、殇,大聪明,3
530,2003504162,摄像师宇龙,没有录音笔，潜伏里面那种录音可能有,36
531,1753221702,锦没,碟中谍,13
532,1311383846,房车还是别越野,不知道她带手机录音了没有,74
533,1093212554,187****1688_m1202,来个釜底抽薪,10
534,2635698121,超爱喝啤酒の公孙星海,谍战片走起,8
535,1409091070,有梦了无痕2,没事，我已经帮你录屏了,573
536,1566979227910400,信阳师范大学,大聪明,1
537,1168982429,奶油🍰咸蛋黄,哈哈哈哈笑死我了,0
538,1589476056,杜龙⁶⁶⁶,太可爱了,4
539,1234099868018041,。。🎄243420,哈哈哈哈哈哈,0
540,828062149182587,张灿烂ii,好家伙,105
541,2011043954,hrckx,没人？,1
542,1649934275,超爱喝黄酒的梁丘杉月,没事，我录屏了,84
543,1028517567402794,武丑兄,笑到抽搐,26
544,1476054498,喜欢喝红茶の叱利盈盈,好家伙,13
545,1605932220,笨鸟🐦喳喳,哈哈哈,0
546,2224440484,Miko家的思儿,柳眉眼睛放光了,383
547,2148683077,物是人非_qq1593,这剧情我熟,17
548,1326806804202871,独悟独悟,文化战场,6
549,1403280186,于晏mm,啊哈哈哈哈哈哈哈哈,3
550,1151555743,jskodkdnkfjsX,把坏人演的太简单了,27
551,1057598926,奔跑小龟,这就有点假了。,18
552,1477581422,哥哥我想吃咖啡机,敌后战场,131
553,1724765328,Coisini☪️,哈哈哈哈哈哈哈哈哈哈哈,6
554,1258760326,139****3303_m1583,厉害,4
555,1515743114,阿果麻麻～,张记者莫名可爱了起来,278
556,548041622824320,群山听懂我悲欢666,审稿人,3
557,1726431476,用户66e740f4,哈哈哈哈哈,6
558,1589440272,喜欢跳远的北堂晓蕾,蔡永强来了,137
559,1317430957708482,用户4ae324c4014c2,哈哈哈哈哈哈,0
560,2342172115,仁慈de羊舌翰音,蔡队长！！！,18
561,1373991247815446,96859527,沈从文是哪个,4
562,2557652492,喜欢喝矿泉水の士孙思迪,审稿人辛苦了,12
563,1293160332,陳默__,蔡队！,11
564,1347287325,少帅传奇888,要不，我来搭把手？,414
565,2413034423,sdd_qq1998,阿译教官,8
566,1466752688,大鹏看视频🎄,可以可以，你来,9
567,2148683077,物是人非_qq1593,北京大学教授,6
568,1356486817,catrun,干饭人,7
569,1386342944,光与专属之韵,热乎的,2
570,1413720214,爱吃龙虾の司空依晨,刘半农一看就是个很阳光的人,230
571,813002886727741,比啦吧啦.,没人吗,0
572,2422206294,哲人匆匆,青谷子刘老师,4
573,2148683077,物是人非_qq1593,可以可以你来,1
574,2323197036,2323197036,刘半农不是创造“她”而是第一次用这个字代替英文She，第一次用在女性称呼上,42
575,1751359359,用户68639f7f,在哇,1
576,1363823787,恩泉琴行,那个年代的文化人真好,18
577,1658464513,超爱嗑瓜子の呼延婉柔,在、太好看,3
578,2005035812,海藻发于沉梦,刘半农长得好可爱呀,5
579,2247078783,孙海龙_qq1972,哈哈哈哈哈哈哈哈,0
580,1441469837,季节6919,那个年代的文化，才是真正的文化人！,11
581,1804746269,用户6b923e1d,小将哥：顶呱呱！~,2
582,1689698458,用户64b6c09a,刘全能老师,2
583,1369024254,用户5199a6fe,刘金生 都不知道吗》？,0
584,2111931572,猫耳开关,哈哈哈哈哈,4
585,1658464513,超爱嗑瓜子の呼延婉柔,好剧,4
586,1368213042,赤子之心的琳达兹迪,哈哈哈哈哈哈哈哈,2
587,2368619573,jx445640720,反正睡不着，要不我也帮忙写两篇。,411
588,1528967822,喜欢玩羽毛球的侍其白薇,哈哈哈哈哈,6
589,1545049326233346,用户57d36d4402702,哈哈哈哈哈哈,3
590,2484375981,懋懋（mao),文派江浙皖，武派湘鄂赣,262
591,1538170900,喜欢吃烤面包的延陵问萍,破冰行动里的蔡永强,11
592,2339145876,蒋冬勤的爱奇艺帐号,哈哈哈哈哈哈,6
593,1305623868,你阿巴阿巴像个傻瓜,哈哈哈哈哈哈,1
594,548041622824320,群山听懂我悲欢666,编辑部 审稿人,3
595,1504281598,豆豆是个女孩子,哈哈哈哈哈哈哈哈,2
596,2442545953,PanyneYama,白完,1
597,1464820129,喜欢弹钢琴de延陵问夏,没人看吗,2
598,2647299848,超爱喝饮料的赫连千雁,哈哈哈 皖系出品,319
599,1799702205,哦哦哦耶书,出了那么多名人,10
600,1811808100886528,你说叫嘛名字呢,哈哈,0
601,1224852434326331,moon叔的满天星,还真是哈哈哈,4
602,1540089520,晚风沐寒,皖系排面,363
603,1763134130,Tsunami、,来了来了,0
604,1498878796906304,开开心心的就好111111,有人,1
605,1468328785,麦子张麦宏,哈哈,0
606,1088405987398887,用户3dde6444014e7,这人不对劲,159
607,1311260118,fz来了,看了人太少了,7
608,1088405987398887,用户3dde6444014e7,人少啥，都懒得打字,436
609,2321109620,奇异果0007,谣言和舆论面前，清者自清显的不堪一击,758
610,1428063098,十月娃和小Ga子,沈尹默的字可值钱了,110
611,439611348226853,詹家大姐,默默看剧,1
612,1758535092,是小菠萝呀A,不是我专心看剧呢,40
613,1702018318,天涯浪花梦a,好剧,3
614,1674534484,超爱喝绿茶的东门茂彦,有人吗,4
615,1420539130284286,I&amp;prime;m worthy of your trust,默默看剧,0
616,1347468240,漂亮姐姐～～～,好剧,3
617,1555491505,忆晨*,有人,0
618,1312760659,爱吃拉面de东宫寒雁,在呢,1
619,1259724954,板栗牌小轿车,确实没空打字！只想安静看,105
620,1107677667,190151610,没人了啊,4
621,1507966799,GAHOSG,我喜欢看。,4
622,1605812919,啊西吧吧啊,有人,2
623,2137097234,钟权_qq1713,国之栋梁,2
624,2616221916,至纯质心,都在认真看剧,8
625,1524963475464833,芜湖汤猫,有人,0
626,1825757596,苏苏苏苏苏琨,看剧呢,0
627,1607470242,喜欢奔跑de士孙高邈,精彩,1
628,1597230447,一只包砸zzZ😚,好好看,1
629,1374446842,七七咖啡222,来了,0
630,1674534484,超爱喝绿茶的东门茂彦,有人吗,0
631,2194672192,林啊损！,有人,0
632,466665388,王轰天炸浪,一直在,1
633,1586826822,汤风1982,有人有人。,0
634,1242269605,半日闲闲暇,默默看剧,2
635,1563735721,不要太张扬hammer,有人,2
636,1325885930,啦啦啦英雄联盟,才发现沈尹默，在破冰里演蔡队,10
637,1534106753,你是我生命中的遇见,好好看,0
638,1228220916,好久好久好旧,有人，一点也不少,1
639,2334328253,2334328253,安静看剧,3
640,1162020279,157****4721_m1988,默默看剧 不忍暂停,0
641,1445323977,爱探险的雪青,有人,0
642,1503676927,喜欢消息的啦啦啦,认真看剧 有人,2
643,1576245754071360,顾睿礼,安静看剧,3
644,1637431336,东边日出西边雨雨雨,人在呢,2
645,1179759337802057,从小不爱吃辣条,默默看剧,0
646,1085436928,133****8201_m1865,这种剧就应该安安静静的看小说,1
647,1076476628,139****9382_m1272,你们是来看人还是看剧的？？,3
648,1265345956422287,小黄金蛋❤,有人，第二天就从第一集看到这,3
649,1490763570,你是个啥丶,有人,1
650,1667831479,孑立zyl,有人,0
651,1420228297,可苦可乐へ￣),新人问题开始了,1
652,2202183681,紫色花秘,我们川系表示你们加油，我们负责冲锋陷阵就是了,2
653,1392581745485471,用户4f28bb442a69f,来了来了,0
654,749558569109074,用户2a9b834400652,有有有,0
655,1475902681,浮云散 明月照人来 清浅池塘,都默默看剧呢,2
656,1814283825,.Withthestrengthofjay.,有有有,0
657,1097730069,159****3351_m1495,在在在,0
658,2213086655,洛桑巴旦,默默看剧💕,0
659,1243588430,181****3471_m1101,这剧，多看少说,11
660,1484687404,喜欢懒床の公仪代桃,精彩,0
661,1576316587490112,Air Mr81,有人看吗,1
662,2010218096,j妮悠y,在静静的看,2
663,1387552044,王佐之才007,认真学习，认真看！,1
664,1266807130,180****2672_m1455,看剧不需要说话的,3
665,955201066600559,先哥带你飞,有人,0
666,1560581657,F先森°,透顶细腻,3
667,2025423774,qzuser_qq4,好看,2
668,1777359352,向阳😁⭐🌻🌻🌻🚩🚩🚩🇨🇳🇨🇳🇨🇳,有人,0
669,1515183767,喜欢吃拉面de东方瑜然,默默看,2
670,1509343585385664,用户55cbd70403cc0,先辈不易，我辈自强,16
671,1468858621,超能力药丸,没人看的剧吗,1
672,1700486636,国剧要钱吗,安静看剧,1
673,1317540022,中原5点红,这么多人追剧,1
674,1441710249,爱晨练de公仲锐阵,在呢,0
675,1474693128,mmnyk,有人,0
676,1282647951,木隽37,来了,0
677,1494889008,differdil,默默看剧,1
678,1151460633,Red_Baron,喝茶,0
679,1660369879,拢龙.小笼包,看剧呢，哪儿那么多话,7
680,1500943607,喜欢喝绿茶的亓官泽洋,在呢在呢,2
681,1275505489,忽然之间520HZ,太好看了,0
682,1701585465,龙岗花泽类1988,不用怀疑有没有人,1
683,1763659812,大牛6668,现在半夜2点在被窝里看剧,1
684,2555985462,彭阿倩Rachel,来了来了,0
685,1180965407,135****2649_m1304,好看,0
686,1220140973,卢克LRG,来了，老弟？,2
687,2289645362,胖米粒妈妈,崔琰,0
688,1660625268,看剧小boss,在吃螺蛳粉看剧,5
689,2278190987,老虎_qq3926,这背景音乐赔得很到位,2
690,1719717064,用户6680ccc8,歙县人,2
691,1266807130,180****2672_m1455,安静看剧,2
692,1483764505000806,z.s.y.q.,是啊,0
693,1570903372,地理嘻嘻嘻嘻嘻嘻,有人,1
694,1735857713,辣妹ran.,有人👀,0
695,1483764505000806,z.s.y.q.,是啊,1
696,1373634609,Kwan2016,恩师莫急,2
697,2429102845,爱吃铜锣烧の第二俊达,这个剧对了解历史很有帮助,13
698,1506169039,该昵称已被占用！哈哈,安静看，别吵吵,5
699,1694929505,才貌双绝的张二狗,蔡元培演的真好啊,10
700,1571535104,囧囧🔥囧囧,有人,0
701,2519625769,爱玩保龄球の独孤才俊,我也支持蔡公，陈公呀,9
702,2100154974,帝君虹__,皖系出品,8
703,1302478132,MYHLOVEBABY,蔡徐坤蔡徐坤蔡徐坤蔡徐坤蔡徐坤蔡徐坤蔡徐坤蔡徐坤蔡徐坤蔡徐坤蔡徐坤蔡徐坤蔡徐坤蔡徐坤,6
704,2332183907,哈哈娃_英豪,来了老弟,1
705,2220770193,韋-寶寶baby_wx1404,这部剧更应该让当今的北大学子们看看，看看先辈们怎样为中华的崛起而奋斗,12
706,1285285805,135****7527_m1178,这部剧得静心去品,5
707,2017957280,tanbo2008,各看各的。,4
708,2505107577,滥情嫌疑犯hhh,有人有人有人,1
709,1461161001,爱玩保龄球de亓官昕昕,支持您 蔡先生,6
710,1186138227,爱追剧爱回忆,别跟我说可是,1
711,1570358710,倩❤坚,人呢,0
712,2324597176,StaintAzure,安静看剧它不香么？,5
713,2383014591,瓷_qq1941,好看,3
714,1762816920,用户69127398,珍惜现在,3
715,1452575676,岁月静好336699,有人有人有人,2
716,1847202461,哥伦比亚的小李,啊啊啊,2
717,1452203346,爱打高尔夫球の闾丘晨辰,热度才15位，应该排第一,272
718,1441710249,爱晨练de公仲锐阵,喜欢蔡蔡,9
719,1685604397,夏至未至尊宝呀,山雨欲来风满楼,14
720,2384382914,子夜_qq2617,有人,0
721,1718648716,用户66707f8c,这部剧的背景音乐🎵满分💯,14
722,1479611169,dengydd@163.com,加油,2
723,1674534484,超爱喝绿茶的东门茂彦,就今天有人吗3.5,0
724,1461161001,爱玩保龄球de亓官昕昕,为您们致敬,6
725,1109947966294186,钱多金也多,万事开头难,5
726,1658464513,超爱嗑瓜子の呼延婉柔,致敬蔡校长,19
727,749883510235399,用户2aa03dc402107,2021314报到,3
728,1738939815,用户67a61da7,好剧好剧,3
729,1799702205,哦哦哦耶书,这么好的剧,2
730,1109938250,禾禾禾向天歌,因为真实，所以伟大！,9
731,1541649877,喜欢喝黄酒de纳兰娴淑,三月十三】,2
732,1320544602,特仑苏特别好喝,有 别慌,3
733,1441710249,爱晨练de公仲锐阵,今天学雷锋,2
734,2507091106,爱涮火锅的公西鸿达,有！,2
735,1833970375,小花♚,安静地看,3
736,1228346125,飞羽_苓夏,有人,0
737,1685298632,用户64739dc8,张厂里,1
738,566728589568044,小颖の宝,没人吗,0
739,1685298632,用户64739dc8,张长礼这么做为啥呀，他恩师都没他积极……,113
740,1258825159,151****9394_m1051,看完这部去看鲁迅的小说 小时候看不懂,107
741,1495607906,喜欢玩乒乓球の纳兰陶然,致敬北大,3
742,1285285805,135****7527_m1178,2021年开年最优秀的一部剧，没有之一,454
743,1461161001,爱玩保龄球de亓官昕昕,珍惜今天的幸福,5
744,1201421935,晚枫夏栀,我也，看完这部剧，了解了背景，想去重看鲁迅的作品，肯定和课堂上的感受大不相同,17
745,1735077249,用户676b2d81,傅增湘这天津口音,1
746,1757619320,用户68c32478,中医西医之争一样,4
747,1643530028,超爱吃橘子の公坚明哲,还朝纲呢？都国民了吧那还有皇帝,10
748,1750973184,再浪你就输了,确实是，小时候看不懂鲁迅，原来孔乙己背后是这样的背景,72
749,2523762387,墨已入水点云烟,能看懂这部剧的人，都是有大智慧的人！,19
750,362332102337271,用户1498a044022f7,真是不容易，好好学习吧我们,39
751,1658464513,超爱嗑瓜子の呼延婉柔,这剧💯👍,91
752,1448832771,天意了哦,这就是北大的宣传片吧,58
753,1472775795,一笑欢倾城,安静的说一句,3
754,1093212554,187****1688_m1202,马少骅演技很棒,14
755,2511275479,爱吃西餐的漆雕璇玑,这是历史,27
756,1167582153,麻瓜能有什么坏心思呢,真好,0
757,2157419686,釖鎽2014,新文化运动无限伟大，是中国历史和文化古代与现代的分水岭,237
758,2447389508,Ture，，，,太难了,0
759,1158976066,159****7616_m1687,这良心剧98分➕,11
760,1654278662,超爱打高尔夫球的太公翰池,大家都是北大落榜生,32
761,1267231419,loli一生推,先烈们步步维艰,5
762,2250983244,古道西边口,北大还用宣传么？,15
763,1457506139,khcEMotiONaL,前面的，北大好像不需要宣传吧,49
764,1644361638,我真好听呀,加油,1
765,1553478199544256,用户584e1544009c0,国家强大的基础在于教育，在于先进文化的教育，在于这些先贤的觉醒,20
766,1776580380,用户69e4771c,牛,2
767,2511275479,爱吃西餐的漆雕璇玑,别那么片面,1
768,1446740685,Draculaspidy,2021.3.14达瓦里氏,7
769,1577229285,喜欢吃大闸蟹de太史雨筠,作者是教授级别的吧！,91
770,2091378996,Demo大王,历史书不是写着北京大学是当时新文化运动的主要阵地 快去温习温习吧,37
771,1093212554,187****1688_m1202,喜欢看这部剧的都是喜欢历史的,13
772,2244668985,jh19801_wx1795,名单很准啊都是进步分子,13
773,2047886961,狗熊乖乖_wb1720,马老师把蔡公的精神高度诠释得令人信服叹服，并且毫无表演痕迹，太棒！,85
774,1382101064,不能吃甜食的人,马少桦好演员,6
775,1605605765,喜欢购物的司徒润丽,蔡元培让北大真正伟大！,133
776,1295544375,朵朵521……,这个总长和辜教授两个演员长的挺像呀,18
777,1415290225,mosouny,我要上北大,19
778,5618297,congnology_2370,加油,4
779,2432027133,若忔,没人?,0
780,1425207533,大领导的二舅,马少骅真是演啥像啥,126
781,2468247625,想啥破名好呢,五四运动快来吧,11
782,1264347644,夏亮亮 子凡,研究了解这位神人,8
783,1215584256,150****3345_m1803,喜欢蔡校长的声音,17
784,1495607906,喜欢玩乒乓球の纳兰陶然,北大伟傅,1
785,1590154063,蓝天下的青青世界,良心演员,13
786,1232601279,137****2980_m1269,再出一个蔡校长，使北大再上一个台阶,18
787,1287095540,zhuhui0824,辜教授哪去了,238
788,1430742720,吴晴伤,蔡校长霸气,32
789,2146486072,陶啸_qq1783,有人,0
790,1577229285,喜欢吃大闸蟹de太史雨筠,作者导演演员都是大师级别的啊😄 牛🐮,56
791,2409247198,一步天涯！,音乐来了,0
792,695463992892279,我是世纪风,蔡元培诠释的太好了,54
793,2385065618,大鱼🍍海棠。。,幸福的生活来之不易,17
794,1373634609,Kwan2016,蔡元培1927年卸任,11
795,1460324805,Jackie 傅,先生好难,11
796,1382770395848570,我是SBXXXX,北大何时还能再出一位蔡公啊,115
797,1093212554,187****1688_m1202,以前对现代史不怎么了解  现在才明白,18
798,872110729739472,用户3192e1a403cd0,现在的生活来之不易啊，看得好感慨,11
799,1372357740,皇甫筠诚,五四啥时候来,3
800,2202183681,紫色花秘,北大当的起中国文科最,11
801,1271617191,科创年代,致敬先烈,2
802,1534533967,Miss丶如风,这剧没有小鲜肉看着是真的过瘾啊,624
803,1697214440,用户65296fe8,蔡公辛苦了,356
804,1259202589,镜静敬,说现代史的，这是近代史，说明你还是不了解,32
805,2069399114,Amber Wan,蔡校长是有原则的人,19
806,2329337920,张鸿傑,上海音乐学院毕业生拜见老校长蔡公,9
807,1422652331,有庐妈,心疼这些伟大的先生们,82
808,1219390370,我超勇的，不愧是我,五四快了，1919巴黎议和会失败就开始了,6
809,1225439480,wu18663448137,没人吗？,1
810,1504094732,喜欢吃面条の羊角悠柔,蔡校长敬佩,5
811,2347863580,赵田_wx1342,这马车相当于现在A6,9
812,1788467583,爱給的 傻,马车轮子演的好,2
813,1291791126,燕铁衣同学,蔡先生伟大！！,6
814,1274125940,冰棍儿hood,呜呜我蔡公,6
815,1495607906,喜欢玩乒乓球の纳兰陶然,北大伟大,1
816,2222943539,胡禹辰,太难了,0
817,1530295308371969,雪柳桔,蔡公幸苦了,5
818,1002617538,幸运喜乐富足,先生,1
819,1631814790,超爱喝啤酒的王官雅丹,这部剧是真盖,3
820,1458471703,快乐的兴儿永远不会老,是近代史不是现代史,6
821,1164770539479929,啦啦啦💯Hannah🍍Jasmine,河南经贸职业学院打卡,4
822,1567237270,rbndor,蔡公最难受了,6
823,1443604775,爱吃蛋糕的公羊凝静,这校长太难了，训话有点多啊,15
824,2157419686,釖鎽2014,快了，五四马上来了,12
825,1446977597,爱吃拉面の欧阳幼丝1,抱抱蔡先生,101
826,1757366094,用户68bf474e,刀削面,4
827,1575529568,强动力！,把历史演活了,49
828,2191748257,哈撒K is,好像没看到过汽车？这个时候应该有汽车了呀,9
829,1674534484,超爱喝绿茶的东门茂彦,它的后人,0
830,1500726019,江城守夜人,中国现代史从1919年五四运动开始,10
831,1554646605,晚秋的便当,晕车,2
832,2325509256,坚强的小鸟_qq1849,柳眉呢？,2
833,1640498729,超爱吃烤鱼の公仲宏达,谁给你教的现代史从1919年开始？,46
834,1283381652,Matt冬冬,一心为社稷，不求身前身后名，堪为楷模！民之幸焉！呜呼！,19
835,1612226484,用户60189fb4,蔡元培真是心力交瘁啊,211
836,2047886961,狗熊乖乖_wb1720,从内心崇敬蔡元培先生！有师如祂，大幸也！,55
837,1248526198,186****2228_m1496,以前的人们为了现在的生活付出了很多代价,11
838,2577821204,秦先生と小天厚,近代史：1840—1949，上过学,50
839,1367288756,勤劳の路卡巴班克,近现代,1
840,1150829541,就要看大片,蔡校长的座驾真给力,45
841,2342870864,？？？？…？？？？？？…,体察民情,2
842,1378688591,爱喝啤酒のo,1840以前是古代，1840到1949是近代，以后是现代,12
843,1348724088,精致女孩小张,向蔡公致敬,5
844,1234980616,小方🍒85,喜欢,1
845,1310865663992488,用户4a839b24022a8,乘风破浪，龙腾大洋。开天辟地，何惧黄汤。大国崛起，擎顶钢梁。,12
846,1733243858,耳麦天使07,街头背景演得好,3
847,1553478199544256,用户584e1544009c0,我们没有生在一个和平的世界，而是生在一个强大而和平的过度，感谢这些先贤！！！！,22
848,1198518399,138****5925_m1402,这些有先驱意义的革命先人都是北大出来的，当然要说北大，不然要说什么呢？？？,17
849,1527409424,星星知我心1979😊,马车真帅,4
850,2307515188,浪荡街痞 ኈ,不仅仅是很多，而是巨大,4
851,1285285805,135****7527_m1178,先生们的礼仪，真值得吾辈学习！,546
852,1461056749,爱赛跑de亓官觅儿,好悲凉的感觉，革命不容易,148
853,1483989672,喜欢吃西餐de公仪莹华,学界泰斗，人世楷模,34
854,2059189224,Partymilk,有汽车的 还有火车飞机呢,5
855,2419437924,Margaret三水,校长好难哦。。,16
856,1479231207,相邻哥哥,致敬蔡校长,15
857,1195592491,CI NDY,蔡校长真亲民,2
858,1570952439,小团0920,擎天伯玉柱，架海紫金梁,4
859,2312679783,bnae3041q,路人都有演技,90
860,1496785145,喜欢吃零食的太史芸儿,蔡元培1940年才去世的,10
861,2353757224,君子坦荡荡！！,后边大爷,640
862,2264167169,EaLin_ZzL,这老头好细节,400
863,2170872389,先行者1，古月,大爷还瞅一眼😄,47
864,1795815392,用户6b09f7e0,好家伙,1
865,1705579694,用户65a914ae,那个卖报的有两句台词可以多赚几个钱,15
866,2031083528,0哇哇咧0,还在这儿八股呐,451
867,2512173402,爱骑自行车的司寇慈心,守旧派,18
868,1662631176,蓝可可2007,bgm来事儿🤪,100
869,1631814790,超爱喝啤酒的王官雅丹,引人入胜，感染力强,8
870,1168516630,177****7862_m2979,没人了？,2
871,1460887137,ReeveYan929,才发现林纾的演员就是山海情里那个村里最年长的长老,39
872,2527347069,爱吃香肠の端木文山,才70呀,5
873,2647299848,超爱喝饮料的赫连千雁,背景音乐hhh,5
874,1748527422,卡哇不三8,辫子啥时候都剪了,7
875,1192656059,183****7979_m1181,老头还蒙在鼓里,19
876,2017794742,德龙@liu,辜教授去哪了，好久没出来了,345
877,1373634609,Kwan2016,我要看辜老！！！,230
878,1422264204,冬雪 ma cherie,林琴南是金粉世家冷清秋的舅舅吗？,6
879,1144939204,lsj1651,恩师莫急,12
880,2280166733,2280166733,我以为90啦,6
881,1737160755,紫衣蝶梦2013,才70。。。我以为都快90了！,17
882,1471651948,安穆笙,来了来了,0
883,1498785616248640,换个风风火火,出口成章,1
884,1674534484,超爱喝绿茶的东门茂彦,你是谁,0
885,2644583445,超爱吃火锅の太叔安邦,我要看辜老！,274
886,2278190987,老虎_qq3926,老师莫急,1
887,1745133943,易yyyz,70岁在当时的医疗条件很厉害了,8
888,1185509693,lyhany,辜是蔡粉 不以他们为伍,15
889,1751554144,用户68669860,70算高寿了,2
890,1623585107,盛爷666,真喜欢这房子,2
891,5380640261,E350A223-B5BF-44FA-84A7-C4C521359146,林老先生是金粉世家里冷清秋的舅舅？,7
892,2278190987,老虎_qq3926,老师莫急,0
893,1188265946,158****6765_m1685,恩师莫急,4
894,2114744279,我俏丽嘛123,想看辜鸿铭了,232
895,1633079474,爱荣爱坤爱帅哥,影从？景从？字幕错了？,3
896,2316159319,晚上不下早晨雨,前面的，林纾演员叫舒耀瑄，《金粉世家》冷清秋的舅舅。,7
897,1319465845,孟登迎,自我感觉太好了,7
898,1373634609,Kwan2016,辜老怎么一直没出来了？,20
899,1300821900,移动是骗子,没错，文言文,0
900,1773887566,柒月丶🍦💓,“景”通“影”，通假字,23
901,1268012851,_Empty_City_,是啊,0
902,1281627495,A寒江独钓A,林老演的太好了,6
903,2244668985,jh19801_wx1795,蔡公这回真的要生气了,206
904,1187357507,真是妙啊23333333,景是通假字，通“影”，指像影子一样跟随,15
905,1692806889,用户64e62ee9,赢粮而景从,9
906,1436462748,爱吃铜锣烧的叱干伟毅,辜老和他们决裂了，他们反蔡,215
907,1722198607,用户66a6aa4f,辜老不与此等为武了,154
908,2278190987,老虎_qq3926,老师莫急,3
909,1109947966294186,钱多金也多,需要血气方刚的人出来闯一把了,4
910,1546592796547904,用户57e9e32401b40,哈哈哈,1
911,2315778130,竹外疏花_qq1680,那是通假字,1
912,1705579694,用户65a914ae,别说，过去的语言确实比现在的精简,7
913,1495607906,喜欢玩乒乓球の纳兰陶然,北大等着我，2023我去报到,8
914,2118245014,煞星来自的你,没有感情的鼓掌机器,3
915,2447683943,超帅帆_,他急了他急了,0
916,1305904360,爱喝汽水の北野紫杉,真的是遗老遗少 哈哈,6
917,909621665491047,玛卡巴卡688,两分钟之内才可以撤回,290
918,909621665491047,玛卡巴卡688,丰载已经帮你发表啦,300
919,1326806804202871,独悟独悟,朽木不可雕,5
920,634739094454769,用户2414ab64001f1,你家丰踩能耐大着呢,997
921,1245615296,Guiiwa,哈哈哈哈,2
922,2207257563,若失若离1314,恩师莫急,52
923,2326900330,yxf啊,哈哈啊哈哈哈哈,4
924,1567237270,rbndor,丰载最后什么下场,356
925,1763815868,哈哈EllaSamantha,哈哈,0
926,1591004134122752,极予,真气人,5
927,1443604775,爱吃蛋糕的公羊凝静,挖墙脚，这个词……,104
928,524146941366890,大象爱吃米,张丰载活得长,12
929,2420206983,爱吃甜橙の左丘凡白,他们取得字都真好听啊,22
930,1637103080,小西柚一枚～,哈哈哈,0
931,2326900330,yxf啊,笑死我了,3
932,1748019263,啊这..,一会丰载一会载丰,5
933,1541895636,喜欢上网的颛孙醉卉,字真好,2
934,2267112743,*凤凰的梧桐*,恩师莫急！！！,5
935,24257286,EASON-方亦圣,开门密谋,14
936,1433150879,爱吃薯条de谷梁彭魄,这个同学好看,114
937,2228968356,-_qqqbsg1,章太炎，大佬,16
938,2224440484,Miko家的思儿,巨佬们的朋友圈,496
939,1195592491,CI NDY,两个人不一样,2
940,1168688489,xania,迅哥儿的最爱,9
941,1434730120,正直的马迪哦哦哦,张世钊咖位很高,7
942,1550386393515264,石榴 少年,章士钊，又不是章太炎,6
943,517773243457375,Hoyden Kim,哈哈哈哈,1
944,2326900330,yxf啊,章士钊先生,4
945,1759534549,蓝-ll,女儿了解爸爸,2
946,1456495707,幽香的阳伞,章太炎和章士钊是两个人。。。。,19
947,1456101146,Jercy_zw,互助社是新文化运动见血的焦点，非常重要，而且新旧文化势力之间的导火索也是这个,315
948,1591220097,小张今天睡饱了吗.,冲冲冲,0
949,1495607906,喜欢玩乒乓球の纳兰陶然,2022北大有我,192
950,1702200334,用户6575840e,有人吗,0
951,1375535163,不是会员员员,讯哥很难出来一次啊,31
952,1841610759,猪猪天天想念的饲养员,哈哈哈哈哈哈哈哈哈,1
953,2326900330,yxf啊,守常先生,3
954,1480159953698043,阿炳先生们,这会儿，蔡公是真的发飙了。,137
955,1386651498,浓一点都不吃,我发现了一个细节，每次这个人物边的名字出现的时候，都是一个新的转机或者是一个重要的转折点。,97
956,1283381652,Matt冬冬,真心好剧，必须赞👍,2
957,1512357737,好学上进的刘洋🙏😂,以前的眼镜也可以反绿光吗,3
958,2474679144,爱喝橙汁的端木红豆,这剧里的家具都好漂亮,5
959,1331226244,董文12455,鲁迅又来了,25
960,1637103080,小西柚一枚～,有人吗,0
961,1476335355,喜欢懒床de东方依心,这个鲁迅的扮演者在山海情里也有出演，还真没认出来,155
962,1245615296,Guiiwa,哈哈哈哈哈,8
963,1570952439,小团0920,帅迅哥,632
964,1434694661,第二个灵感,鲁迅先生充满了不屑,498
965,1229977398,咿咿呀呀558,把蔡老气坏了,110
966,1749704874,用户684a60aa,迅哥,13
967,2071925902,Hua7987,周公解梦哈哈哈哈,719
968,2521335681,小梦∪･ω･∪,好帅啊,13
969,834090605725739,机智的二壮,哈哈哈哈,3
970,1326286414,Cover_66,讯哥好帅呀,527
971,1195592491,CI NDY,鲁迅先生,17
972,1260747704,鸿钧老大,鲁迅先生真帅啊,430
973,1553399114,喜欢吃铜锣烧的谷梁飞英,他这个台词真好,123
974,1434730120,正直的马迪哦哦哦,妖梦说的很好 就是说他们 哈哈,12
975,1646009799,超爱逛街の上官漾漾,曹磊演活了鲁迅赞！,526
976,1738620408,小培 喵喵喵喵喵,“全是”俩字 说出来 不像文人,6
977,1323527627,爱玩篮球的司马子亦,魑魅魍魉,2
978,647372338104432,哈哈哈哈哈嗝哈哈哈！！！！！,这个我们老师刚讲过哈哈哈,4
979,1064060703481686,用户3c7c1f0401f56,演的真好,5
980,1187321735,xiaobinworld,红楼梦水浒都是白话的,22
981,1279784646,150****7484_m1295,选角导演真棒,16
982,1666241615,阿吉吉吉吉1,魑魅魍魉,6
983,1433150879,爱吃薯条de谷梁彭魄,哈哈哈，讲的真好,4
984,2417050613,shape异界,范进中举要出来了,7
985,1524443885081152,用户56a7940401240,鲁迅是大明宫词里面的苏义简的扮演者,16
986,1502294823,谦谦君子郑二狗🐶,田，陈，古代同用。战国的田齐也称陈,11
987,1474120071,鼓风机73,科普：上古汉语田和陈同音，秦二世名胡亥,73
988,1633079474,爱荣爱坤爱帅哥,哈哈，蔡大龟,81
989,1246224258705461,我叫蜡笔小新⛄,夺笋呐,1
990,1801220051,用户6b5c6fd3,文采真好,33
991,2353757224,君子坦荡荡！！,我要找来看看哈哈哈,17
992,1409091070,有梦了无痕2,鲁迅发量真多,35
993,1614919769,套伱猴子,过分  蔡大贵,4
994,1098011873,Sayyouwillfor我，,阅读理解满分,70
995,1359650956,为什么我叫这个,写的好有意思哈哈哈哈哈哈,45
996,1634052121564800,虎杖独活,这台词功底了不得呀,46
997,1269368310,capri玉米11,鲁迅厉害,7
998,1089500387,135****9343_m1560,台词了得,4
999,1704692863,DeepDamn,陈仲甫幽默死了,786
1000,1419773624,必须有名,哈哈哈哈哈哈,19
1001,1775463893,買櫝樓主,哈哈哈哈哈,6
1002,1245615296,Guiiwa,哈哈哈哈哈,53
1003,2429408364,莫清懿,好家伙,9
1004,693967565890277,屠戮玄武·王八·想考公大,哈哈哈哈哈哈哈哈,0
1005,1190028797,131****9157_m1107,哈哈哈哈,0
1006,1384824685,爱吃梨の主父湘君,哈哈哈哈,3
1007,2457937750,肉肉肉肉丸❤,哈哈哈哈哈哈哈哈哈哈哈哈,389
1008,1560581657,F先森°,思路可以,614
1009,1382928603,全世界最好的李易峰.,哈哈哈哈哈哈哈哈哈哈,2
1010,1566300633,我的薛之谦snp,哈哈哈哈哈哈哈哈哈哈哈哈,15
1011,438952842502929,团子最可爱！,哈哈哈哈哈,2
1012,2111931572,猫耳开关,哈哈哈哈哈哈哈,4
1013,2384101637,田喻涵H,哈哈哈哈哈哈哈,0
1014,1744046120,AAA陈家辉,笑死我了,2
1015,1247704353,世纪大盗lele,哈啊哈哈哈哈哈哈哈哈哈,4
1016,2179420501,赤膊_qq1965,太皮了哈哈哈哈哈,58
1017,1458977638,爱吃菠萝de夏侯高驰,仲甫严肃点,466
1018,1508052825,Bruce Lee 19,哈哈哈哈哈哈哈哈哈哈哈,3
1019,2052866330,炜_qq1944,哈哈哈哈哈哈哈,2
1020,1649586259,NongZh_7,哈哈哈哈哈哈哈哈哈,1
1021,1622670122695488,用户5c3cf54403b40,笑死,0
1022,1800580720763520,早点睡qq,红红火火恍恍惚惚,1
1023,1682210381897536,用户5f9f620401f40,哈哈哈哈哈哈哈哈哈哈,0
1024,1649148105,大力力7777,鲁迅都不笑的,16
1025,1031219043,18800345601,陈老大还是相当有气节的,20
1026,1722198607,用户66a6aa4f,哈哈哈啊哈哈哈哈,1
1027,1679586082,瑜洲宝宝，啵啵麻麻,好家伙,0
1028,2497734547,爱喝矿泉水の鲜于学海,哈哈哈哈哈哈,0
1029,1420901083,予风安85,笑死,2
1030,1669799608,凌纱sun,哈哈哈哈哈哈哈哈哈哈,1
1031,1247237429,孟姝170823,鲁迅很还原啊,68
1032,2457688461,小龙女之女潘😘,地府里面是阎罗王 哪里有阿修罗王,12
1033,1689966717,与狼共舞911,哈哈哈哈哈哈哈,0
1034,1718648716,用户66707f8c,哈哈哈，仲甫先生好幽默,45
1035,373550590468913,ROISE-31,哈哈哈哈哈哈哈哈哈哈哈哈,0
1036,1769831465,用户697d7c29,不得不说，文采还挺好,13
1037,1574347511,斯堪的纳维亚半岛的滑稽,李大钊看问题的思想真的很大气，很宏观，太厉害了,274
1038,1279083692,kanj19133,哈哈哈哈哈哈哈,0
1039,2047886961,狗熊乖乖_wb1720,幽默而犀利，听他们交流真享受,254
1040,1431180503,可爱宁1314,没人吗,0
1041,1659666314,小靳今晚不睡觉,哈哈哈哈哈哈哈哈哈哈,3
1042,1284655673,134****3733_m1877,哈哈哈哈哈哈哈哈哈,0
1043,1757314082,爱懒床的小幺幺,我也是,1
1044,2047886961,狗熊乖乖_wb1720,本冲着老于来追剧的，结果发现了好几位演技牛人，惊喜啊！,142
1045,1198870656,159****9018_m1335,人呢,0
1046,2393539796,小吴全加防御,哈哈哈哈哈哈哈哈哈哈哈哈哈,2
1047,1187109537,恋 lian,这部剧好看,7
1048,2074394161,sun8599078,老于是谁,0
1049,1204589498,BrattPeter,闻风而起,0
1050,2495307708,公子龙吟_wx1875,好 好好,0
1051,1551877830,Na_艾涵,哈哈哈,1
1052,1386651498,浓一点都不吃,艾玛，这个鲁迅真的太好看了啊,276
1053,1158976066,159****7616_m1687,良心剧98分➕,15
1054,2417050613,shape异界,没有我鲁迅,20
1055,1259925891,150****8091_m1572,这部剧真是宝藏好剧,4
1056,1594496882051072,用户5aa2fbc400800,流着泪看完每一集，现在的生活来之不易珍惜现在的一切,8
1057,1577674956,喜欢吃甜食的二舅,所以说 改革从来都是有很大阻力的,14
1058,1284655673,134****3733_m1877,哈哈哈哈哈哈哈哈哈哈哈哈哈哈哈哈哈哈哈哈哈哈哈哈哈哈哈哈哈,0
1059,1209944602841908,Jetaime😀❤,台词是真的好,2
1060,2047886961,狗熊乖乖_wb1720,为化妆师点赞，高水准的手艺，让演员的妆容真实自然接近生活，使角色更可信。,72
1061,2504420531,瀚墨丹青_wx1326,已被讯哥圈粉,12
1062,1494405399,喜欢吃荔枝de南荣立人,鲁迅的文章他们没看懂，哈哈哈,80
1063,2386244819,爱奇艺用户_2386244819,伟人呢？,1
1064,1489783264241664,用户54af33241e800,你说谁是等。等着吧,8
1065,1631814790,超爱喝啤酒的王官雅丹,鲁迅演的好,62
1066,670075132635146,用户2616e0640e80a,都是演艺界的顶梁柱,128
1067,1441710249,爱晨练de公仲锐阵,伟人此时还年轻呢,30
1068,1462508007205616,用户53224ae402af0,这就是明晃晃的造谣,66
1069,1365712875,爱吃肉夹馍de单于英哲,起风了！那顽固思想就灭了吧！,602
1070,2484687538,清3101584986Q,蔡元培是北大最nb的一个好不好,635
1071,1631920475603585,眉山苏东坡传,舆论战,14
1072,1279784646,150****7484_m1295,蔡公宽厚，但是底线清晰,1087
1073,1821985751,用户6c994bd7,辜老在高处看着,165
1074,1588357963,喜欢健身的子书优扬,这里的个个都是伟人,63
1075,2498693467,豆芽最可爱,起风了就让楼家破产吧,602
1076,1405559650,爱喝咖啡の东郭荏苒,蔡元培不一定是北大学术最强的，但是是革新了北大思维的，这个意义是质变,478
1077,1591596034,Kdplovekll,有人吗？,5
1078,1765718129,故人依旧1029,披甲龙龟蔡莫斯,324
1079,1679730766,用户641ea84e,蔡帅威武,4
1080,1721139697038528,卜叭布叭,有人吗,0
1081,1279784646,150****7484_m1295,蔡公威武,16
1082,1269368310,capri玉米11,哈哈哈忍无可忍无须再忍,22
1083,1841736978,看啥8,有人,2
1084,2429408364,莫清懿,哈哈哈哈哈哈,4
1085,1502975793047296,用户556f2d2402700,安安静静看剧,3
1086,1332511509,佐手牵鼬手229,他们两个啊，终于要拿起刀枪了,240
1087,1432791421,爱跳高の闻人忆文,并不同意蔡校长的平和的观点,3
1088,1154052340,影视包工头,蔡公威武！,15
1089,1462508007205616,用户53224ae402af0,忍无可忍，无需再忍,17
1090,2399925019,胖胖旺,这段真的帅！,202
1091,1266510418,🍓草莓莓子,哈哈哈哈哈哈哈哈,0
1092,1431465431,陈仁杰,你们几个输出还没我迅哥儿高,50
1093,1326806804202871,独悟独悟,意志坚定,1
1094,1755063813,博文文boss,蔡公说得好！,5
1095,2347863580,赵田_wx1342,龙龟大以开起直接五杀,3
1096,2047886961,狗熊乖乖_wb1720,鞠躬尽粹的先贤们，当被中华后人们永远敬仰，因为是他们在沙漠中种成了树供后人蒙荫。,12
1097,1638909132,The    onlyone,起风了,6
1098,1490763591,骑着鱼的喵🐱,哈哈哈哈哈哈哈哈哈,0
1099,1387822426,赫一鸣♎️heym,哈哈哈哈哈哈哈哈哈,1
1100,1605605765,喜欢购物的司徒润丽,蔡公好人，蔡公威武！,243
1101,755970854858081,乔~心！,起风了,4
1102,1608513704,一定要四个字符xu,演员声音好听,84
1103,1394954514,毛毛猫略略略,天呐，为什么文人之间的故事也这么燃啊！！！,2555
1104,2347219026,Hi不韦,让暴风雨来的更猛烈些吧,733
1105,1562400111,Superheating,荡气回肠啊,35
1106,1110283755,SymbolicDistro,让暴风雨来的更猛烈些吧 泪目,261
1107,1229977398,咿咿呀呀558,蔡公 有担当！,5
1108,1498557550,爱吃的大心子,起风了,0
1109,2315529101,维密小毛驴,蔡公威武,6
1110,2299932395,chengkino,看的我激动，啊啊啊啊,44
1111,291935944191817,用户10983a2402f49,哈哈哈哈😂,0
1112,1634360815,超爱吃香肠de成公锐利,高尔基在蓝蓝的大海上,6
1113,1752744763,水蓝蓝♥,让暴风雨来的更猛烈些吧。,24
1114,1696853400,海贼丶迷弟,这真是千古好剧,168
1115,2468247625,想啥破名好呢,大家的台词都特别好,87
1116,1221676974,150****8765_m1429,这不比博燃？,225
1117,2252232821,星座研究院,我回头又去读了一遍海燕,11
1118,1778914699,2000-/,比博燃,70
1119,2124491974,简若繁星,来了来了,0
1120,2727042477,榕忆己,迅哥威武,280
1121,1482319334,E Ocean,蔡公激动的挥起了小拳拳,48
1122,1689966717,与狼共舞911,以笔为刀披荆斩棘,17
1123,1692188022,呦呦呦💪4894,啊啊啊啊啊啊啊啊啊,2
1124,1612169512,血色浪漫0303,哇鲁迅演讲,20
1125,1620914979,喜欢跑步de达奚乐心,笔扫千军,3
1126,1607470242,喜欢奔跑de士孙高邈,这段精彩,5
1127,1765718129,故人依旧1029,迅哥牌面！！！！,222
1128,1596210899,喜欢柔道de东里菱凡,豫才兄，大才也！,48
1129,1804746269,用户6b923e1d,小将哥：让暴风雨来的更猛烈些吧！~,2
1130,1607470242,喜欢奔跑de士孙高邈,踩踩踩,0
1131,1742826099,用户67e16a73,来了来了,4
1132,1276606358,fzmw123,来了来了,1
1133,1477581422,哥哥我想吃咖啡机,海燕呐,6
1134,1285285805,135****7527_m1178,前方高能！！！,297
1135,1367288756,勤劳の路卡巴班克,掌声如雷,5
1136,1189828086,ARN66,海燕那,1
1137,1378158091,爱骑行の公西思彤,啊鲁迅先生真的好帅啊,561
1138,2124491974,简若繁星,笑死,0
1139,1565682116,关于辰可爱🔥,花和尚这演技杠杠的,8
1140,2046791818,南极疯子座,不在沉默中爆发就在沉默中,24
1141,1419159181,WYdragonai,终于等到我迅哥,39
1142,1302216600,公子侠木兰,呜呜呜终于有我迅哥的镜头了,35
1143,1279784646,150****7484_m1295,鲁迅先生！,9
1144,1641787803,胡宁宁*^_^*,有气节的文人,2
1145,1441710249,爱晨练de公仲锐阵,我迅哥出马,53
1146,1080270656,187****5581_m1372,迅哥演讲啦,394
1147,1502355344,喜欢吃大闸蟹的段干如南,老一辈的努力牺牲是希望今天的我们安定，团结，创造更好的生活。,4
1148,2176468689,504011486,看这部剧真的能学不少东西啊,8
1149,1390888443,落寞天机,用最平静的语调说出最燃的话,213
1150,1654944016895808,用户5e129ae400f40,迅哥儿迅哥儿迅哥儿,11
1151,2189145025,斑马哦哈哈哈,奉孝啊啊啊啊啊啊,2
1152,1808594273,女王的男神,海燕啊，你可张点心吧,8
1153,4155929225,天宁一剑,复古派失去了年轻人就是失去了未来!!,10
1154,1606576508,青蛙喝稀饭,这剧的李大钊和鲁迅真的太有感觉了，太偶像了,258
1155,439379789100126,用户18f9d1440345e,来了来了,0
1156,1770602352354048,一只玲玲子,好帅,3
1157,1790893028,用户6abedbe4,迅哥我偶像,293
1158,1071161251,sasaqsf,迅哥牛b,98
1159,1702526718,用户657a7efe,讯哥威武,11
1160,354964119487381,月中櫆树落櫆叶,迅哥！！！,8
1161,1462508007205616,用户53224ae402af0,迅哥儿出马了,677
1162,2423079416,文氓_wx2915,迅哥终于开讲啦,983
1163,1671285525,骑哒哒飞奔,我仿佛置身于那个时代,148
1164,1755063813,博文文boss,这就是这些伟人的人格魅力,246
1165,2449354241,靠靠与静宝,哈哈哈   还是大神牛逼,106
1166,1244484427,150****0600_m1583,迅哥此时不到四十,307
1167,872896809412914,橘橘 💙,鲁迅先生太帅了,420
1168,1461333960,爱吃火锅の胡母韦曲,迅哥儿～,6
1169,4816504946,A4091979583CCE1B,有人吗,1
1170,1166350579,993143630,哈哈哈,0
1171,1716041010,用户6648b532,威武，想想今天的国际环境，也要说：让暴风雨来的更猛烈些吧，我 们不怕,9
1172,1762120375,用户6907d2b7,鲁达威武,3
1173,2421364703,爱玩皮化艇の子车书琴,鲁迅演的好，精气神很接近,440
1174,1456159565,futuro indefinido,好像去听鲁迅的课,176
1175,1371063631,爱吃橙子的东方运恒,啊，我的偶像！！！！！,56
1176,1696087914,光子2019,气闹哄哄哈哈哈哈,8
1177,1572176356,喜欢吃麻辣香锅de侍其秋玉,厉害👍🏻,3
1178,377894077469921,二次方图,完了，我成狂热粉了,281
1179,1804746269,用户6b923e1d,小将哥：迅哥出马顶呱呱,10
1180,1239451497936079,寒意意,哈哈哈哈哈哈牛逼哈,14
1181,1562400111,Superheating,骨子里面的底气，这种自信，无敌了,283
1182,1250893349,hjhfjjcx.,太喜欢鲁迅了,27
1183,1252498839,186****0032_m1192,帅气帅气,2
1184,2304729915,我就是我_wx3411,鲁迅演员演技真棒，把鲁迅演活了！！,231
1185,370353557737296,没啥大感觉,鲁迅这个演员太好了,635
1186,1679044513,皮卡～丘！！！,哈哈哈哈哈哈,2
1187,1612226484,用户60189fb4,迅哥儿好帅啊啊,272
1188,1607595043,大魏哈哈哈,哈哈哈哈,3
1189,1687211922,书辞琳✔,好帅好帅,1
1190,2224440484,Miko家的思儿,迅哥太棒了,3
1191,1596099184,喜欢喝红茶的东宫雅歌,讯哥，说话我听得懂,42
1192,1654270881434304,用户5e08cf4400ac0,演员选的真好,6
1193,2512192999,糖豆的唯一姥姥,哈哈哈哈哈,0
1194,2208678997,c好看哇,五四起势,3
1195,2327206520,渣渣( ˘ω˘ ) ！,这句话 漂亮,10
1196,877101817266965,小白9624,啊啊啊啊啊啊,2
1197,1685604397,夏至未至尊宝呀,迅先生威武,9
1198,1657396965,细数记忆流沙゜,牛,0
1199,2254335422,仙爷_ V5,啊啊啊,0
1200,1088895331,182****8668_m1102,迅哥太帅了,7
1201,1628297300,为了你我愿意去热爱整个world,讯哥口吻中总是带着批判的味道,5
1202,332295248544385,截断色空,鲁迅说话腔调真好听,106
1203,1830840510198528,用户68123c6403300,哈哈哈哈哈,1
1204,2047886961,狗熊乖乖_wb1720,鲁讯抽烟很多吧,4
1205,517773243457375,Hoyden Kim,迅哥牌面,5
1206,1509856531976000,小王同学Gra,鲁迅真的是要么不说话，一说就戳心的那种。男神,51
1207,1612226484,用户60189fb4,好喜欢这里面的鲁迅,239
1208,370353557737296,没啥大感觉,应该演鲁迅专业户,18
1209,2039322365,none №,真喜欢这个鲁迅角色，哈哈哈哈哈，帅气逼人,94
1210,1682210381897536,用户5f9f620401f40,哈哈哈哈,0
1211,1470791665,天天天蓝1314520,比那些奶油小生强太多,24
1212,2202183681,紫色花秘,鲁迅是我的思想导师啊,86
1213,1326806804202871,独悟独悟,文化可以化人可以化国,7
1214,1441469837,季节6919,把鲁讯演得入木三分啊！,571
1215,1428298902,我是亮李,牛🐂,1
1216,2527680191,雪獒獒1985,迅哥威武,14
1217,1250893349,hjhfjjcx.,好喜欢鲁迅先生,61
1218,1808738092,用户6bcf272c,仲甫公有骨气！,9
1219,1091308398,每天笑嘻嘻。,牛牛牛,0
1220,1605605765,喜欢购物的司徒润丽,不是敝国的人，太帅了,524
1221,2157419686,釖鎽2014,鲁迅这个演员神了，，导演选角的眼光神了,1559
1222,1224233593,Luky鑫妈,被鲁迅粉了,640
1223,883351766444377,我是李奶茶,鲁迅本迅了,638
1224,1571820806,喜欢跨栏の侍其润丽,666,2
1225,1155727316,726373646,背后的北大logo就是迅哥儿的设计,747
1226,843026960230874,用户2feba828029da,啊啊啊,0
1227,2057193822,ωêǐ新,真牛逼   迅哥,137
1228,1570903372,地理嘻嘻嘻嘻嘻嘻,666666,2
1229,1466583607,挪威北极熊,6666666,6
1230,2187998804,林牧梓,声音和于和伟有点像,102
1231,2291806217,秋初.雨未寒,这话说得太好,729
1232,1551664933,HZone1991,人格魅力,522
1233,1371251918,爱吃豆包的东郭良奥,吐槽大会？,3350
1234,1258822129,男博万2138,解释的形象生动！,618
1235,1498853849,喜欢看书de相里光华,哇，说出的话好有力度,226
1236,1349867369,凯特哈德克,哈哈哈哈哈哈,6
1237,1604411075,喜欢喝牛奶の欧阳瀚彭,此人太帅，极耐看，大爱,523
1238,1430227518,叶修家养的乔沐沐,厉害厉害,9
1239,1258825159,151****9394_m1051,666666,5
1240,1373634609,Kwan2016,螳臂当车,45
1241,1529822142,风雨同行168CL,多看看这么好的剧,16
1242,2727042477,榕忆己,这演讲是不是删了一段，前后不搭啊,8
1243,1675703864,超爱吃西瓜的公孟杨柳,哈哈,0
1244,1329439624,啊怡嘛的VIP,哈哈哈哈哈哈哈哈,0
1245,1329820507,蓝色枫林5120,厉害厉害厉害厉害厉害厉害,10
1246,1704692863,DeepDamn,太真实了,7
1247,1267610863,🍃啵啵里,大爱迅哥,10
1248,1402286593020731,要对洋光动心☀,迅哥好帅啊啊啊啊,305
1249,2454573500,柚子 (*^ω^*)🌸,民国第一文豪,80
1250,1260522202,134****1812_m1929,帅的,12
1251,1267610863,🍃啵啵里,人格魅力太强,520
1252,1649064288,超爱喝绿茶de令狐千柔,好好好,2
1253,1377765855,爱阅读的北堂胤运,帅气,3
1254,353205699486355,zhantiene,鲁迅太像了,1122
1255,1821761452,艾丫丫呐,好帅,0
1256,495187251967198,用户1c25ec44034de,爱了爱了,4
1257,1454215106,爱吃零食の高堂玉石,太棒了,0
1258,1407796747,爱吃栗zide喵,好帅啊,4
1259,1708484991,微笑的安笙,妙哉！！,5
1260,2012955621,唐敬豪-TangJingHao,大神,11
1261,2299932395,chengkino,超级喜欢这里面的剧情和演员的演技细节,26
1262,2236982783,铜锣烧蜡笔小新,鲁迅演的好好！,444
1263,1793015692,煎煎饺啊,帅啊,1
1264,1341926196388133,麦香呦呦,牛,1
1265,1302189482,爱吃面条的宗政兴修,最喜欢看鲁迅！！,12
1266,2381438549,立牌坊的叔叔,此人说话季度舒适,19
1267,1799493924,用户6b421924,迅哥儿,18
1268,1224164953,158****2365_m1035,讲的好,6
1269,926324659076288,微笑式3344,帅帅帅,3
1270,2472650252,伟_wxpjgn1,男神男神,36
1271,1313404342,冰兵冰兵冰兵,哈哈哈哈,0
1272,1417814127,爱吃薯条的南宫田然,鲁迅先生,12
1273,1821985751,用户6c994bd7,螳臂当车,22
1274,1254284440,158****2636_m1973,爱了爱了,0
1275,2074640821,蜗牛3351,螳臂当车,75
1276,1279784646,150****7484_m1295,哈哈哈哈，大先生吐槽大会,271
1277,1074890678,壹薇王by公子壹,这魅力，老鹿乱撞……,219
1278,1218042293,刘琪慧,太帅了,1
1279,2310861952,明天过后_qq2725,迅哥威武,18
1280,1419159181,WYdragonai,我可太喜欢了,9
1281,1556669091923968,栖衡5,好好好,0
1282,1778047463,北风源啊,鲁迅啊啊啊啊爱了,25
1283,1442723924,爱吃甜橙の公上聪慧,民国文人，首推鲁迅。,84
1284,1280246271715679,亚米糖,这个迅哥好，哈哈哈哈,11
1285,2338031308,于浩_wx1997,鲁迅是的真牛逼，呀,177
1286,1535119902,玛卡巴卡泥,爱了爱了,0
1287,2536379658,小米🎆Justin,厉害了,0
1288,1239911101,150****8521_m1724,666666666666666666666666666666,3
1289,1302383972,萌小乐～,精彩,0
1290,2291806217,秋初.雨未寒,迅哥儿走出教科书了,985
1291,714614245426956,Lì  Уáлg🐵,好帅,0
1292,1729300605,王辰千寻,彩彩彩,1
1293,1103607543,yimo_1208,辛辣，哈哈哈,9
1294,1826662375,用户6ce0a7e7,演的好,4
1295,1669799608,凌纱sun,主要是能看出演员们都很努力,17
1296,1707464369,用户65c5d6b1,神清气朗的我迅哥儿,9
1297,1607811693,等我看完这集就学习,吐槽大会,5
1298,1207114045,过客丶丿1,好帅,0
1299,1447298675,乐乐猹,极度舒适,4
1300,1521477003,阿萌雅啊啊啊啊,战歌响起,10
1301,591059008627492,用户21990a6402324,太喜欢鲁迅了,6
1302,2467953306,解忧_qq1351,大好江山坐着看,2
1303,1405881024,May三叶,爱了爱了,1
1304,2464502774,孟婆的汤_wx1658,鲁迅先生太霸气了,9
1305,1698581481,茶玖丶,彩彩彩大彩,0
1306,2351799212,bike，,这音乐不简单,14
1307,1092997309,wozm,迅哥威武😍,1
1308,1310865663992488,用户4a839b24022a8,中国万岁,1
1309,422815207523186,仗义的杨家老大,彩彩彩,0
1310,1260522202,134****1812_m1929,疯狂打call,0
1311,1573309979,会笑的眼睛最美……,来了 开始,2
1312,1631920475603585,眉山苏东坡传,迅哥儿是真的猛士,29
1313,1351321726,莫特布林,偶像级别，好帅好帅,15
1314,1326847601,爱喝纯净水的熊本熊,来了,0
1315,2122672163,晟枫,迅哥，说得好,1
1316,1100827334814053,dai人弋,感觉演员身心都很辛苦,124
1317,1214033634,185****5868_m2307,但是不得不说，这个点虽然说的很好，但是没啥可笑的。,3
1318,1553478199544256,用户584e1544009c0,鲁迅威武,6
1319,2325849030,nothing—is impossible.,鲁迅演得太帅了,9
1320,645668175726713,用户24b3b5641c879,大家倍出的年代,3
1321,784723848725778,可哇咿,这音乐很熟悉,4
1322,1207355192,189****2399_m1186,好想去那个时候的北大啊,18
1323,1279784646,150****7484_m1295,战斗了，到处演说,232
1324,1452090565,拉片全靠暂停,爱了爱了,2
1325,1479231207,相邻哥哥,导演优秀阿 拍出那么好片子,4
1326,1452423954,15210187988,高低肩小细节真好,71
1327,1826662375,用户6ce0a7e7,演讲的能力超强,14
1328,1677137076,星空后雨夕,这背景音乐又来了,5
1329,1588357963,喜欢健身的子书优扬,54运动要开始了,15
1330,1755514483,mr_yang_35,开始反击了,16
1331,1563735721,不要太张扬hammer,连看十集,1
1332,2139106491,想要当瘦子的阿西吧,迅哥犀利,12
1333,1441469837,季节6919,每一个人都很威武,353
1334,1235654803,180****2886_m1182,追，追，追，我词穷，感慨,103
1335,1248558298,13123913109,迅哥太有才了,13
1336,2145788546,池悦_qq2020,这些大贤们真牛,10
1337,1620920711,喜欢健身de独孤成龙,李大钊太接地气了，演讲的太好了,519
1338,2427841341,落叶知秋_qq2233,领袖在发传单,459
1339,926775127320827,200斤的廋子,演员都幸苦，你们再想想当时他们真做这件事的人,128
1340,2047886961,狗熊乖乖_wb1720,几位重要历史人物被演绎得有血有肉，编导选角很成功。,172
1341,1273772637,暴风女神九月的天空,各路大神，演讲风格多种多样，牛,17
1342,1279784646,150****7484_m1295,真是鬼话连篇,7
1343,1447714426,世界无敌小天使,玉之瑛华,11
1344,2063403127,派大星抓水母～,他要醒了，要醒了,715
1345,1763166891,清栈grace,觉醒了！,19
1346,2512610778,冰海酱,真正不怕死的前辈们上街游说    伟人继承了他们的衣钵开辟新的中国,411
1347,2430049883,胡佳瀚,这剧值得再刷,35
1348,1272393354,朱朱朱朱JN,演讲影响力有限啊,8
1349,1235654803,180****2886_m1182,建议放到到每个学校里给学生们看看,420
1350,1464086458,喜欢吃苹果的宇文恬美,有闻一多吗？,14
1351,1826662375,用户6ce0a7e7,看了好多遍了没看够呀,0
1352,2274186639,按我脑壳开机,现在也有很多这种人,0
1353,1479231207,相邻哥哥,导演优秀阿 拍出那么好片子,37
1354,1378158091,爱骑行の公西思彤,当时的人们真幸运可以听到这么多大贤的演讲,97
1355,1562400111,Superheating,干大事的人，都是行动派,316
1356,2328018572,披着狼  皮的羊,哈哈,0
1357,1285285805,135****7527_m1178,这是大钊先生的原文,1757
1358,1185760642,肉肉拜拜,邓仲夏这个演员和历史原型太像了,262
1359,1470590851,喜欢吹笛子の北堂飞鸿,好剧好剧，大家把这部剧顶上去，，,14
1360,1521175685,为妍照明,背景音乐是什么,2
1361,1188265946,158****6765_m1685,乱世出英雄,8
1362,1283214194796552,yimmylll,演员台词功力好厉害,528
1363,1477662018,觉醒真理,伟人受大钊先生熏陶极多,471
1364,2202183681,紫色花秘,推陈出新，革故鼎新，取其精华，去其糟粕,61
1365,801969753032645,用户2d963224007c5,说的真好,1
1366,2564271186,喜欢嗑瓜子的614,真佩服他们的演讲能力,11
1367,2111931572,猫耳开关,热血沸腾,7
1368,2047886961,狗熊乖乖_wb1720,原以为李大釗只是一位革命先躯，他竟还是贫苦草民的救星。,91
1369,1441469837,季节6919,蔡老，威武！迅哥，威武！大钊兄，威武！……都很威武！,85
1370,1658464513,超爱嗑瓜子の呼延婉柔,导演演员都棒👍,11
1371,2468247625,想啥破名好呢,青年充满希望,2
1372,1326353178,爱背单词的侍其俊誉,真正伟大的人,7
1373,1495607906,喜欢玩乒乓球の纳兰陶然,北大伟大,2
1374,1361909270,子规啼李白,献血变成了培养革命只花的土壤，文采也太好了吧,6
1375,1218383366,学圃记闲,大钊先生伟人啊！,194
1376,833895989784397,用户2f66c8a402f4d,优秀,0
1377,1769428177,大菜皮🍭,演员也很有代入感吧,128
1378,1647443197,超爱玩标枪的侍其妍丽,全是历史记载原话,395
1379,1646009799,超爱逛街の上官漾漾,大钊先生伟大,95
1380,1740170846,用户67b8e65e,知识先觉,5
1381,1140526703,132****3388_m1737,一万个赞,12
1382,1799635907,用户6b4443c3,厉害👍,2
1383,1435843051,沈建振,革命乐观主义,19
1384,1382352421,宽厚de乔纳斯泰特,真正的革命斗士,525
1385,1778244193,我係新丁,大钊先生的演讲真的是激动人心，讲得太好了,268
1386,1570268097,喜欢喝咖啡的妞！💞,听得热血沸腾,73
1387,1062376545,daizheng8230,这片子拍的真不错👍,15
1388,591059008627492,用户21990a6402324,李大钊先生伟大,4
1389,2503016488,冰棍冒气,张桐饰演的李大钊先生真是入木三分啊，举手投足赞👍,108
1390,634739094454769,用户2414ab64001f1,这都是不插电的，硬功夫，今人来不了几句就哑了,88
1391,1553478199544256,用户584e1544009c0,革命先贤的血不会白流!!!!!,38
1392,1620920711,喜欢健身de独孤成龙,激动的心，热泪盈眶，李大钊太棒了,58
1393,1687698943,用户64983dff,辛苦了,3
1394,2484945707,子墨丶男神,彩彩彩,3
1395,1510099133,喜欢吃橘子的谷梁星驰,演讲功力深厚,6
1396,2417050613,shape异界,君子以直报怨,9
1397,1681374173,用户6437bbdd,新文化运动万岁,6
1398,1349946191,stao0808,致敬伟人,7
1399,2326192524,迷茫的羔狼,鼓掌!!!,1
1400,2291806217,秋初.雨未寒,能看懂的基本都是，8090后吧！正在学知识的初高中学生估计很少,3
1401,1102660901,136****3795_m1913,新文化运动,1
1402,524146941366890,大象爱吃米,讲的激动人心,4
1403,1483666244,开坦克的舒克🎉,伟人讲话,2323
1404,1341139168,我叫熊二123,大钊先生伟人,183
1405,1634360815,超爱吃香肠de成公锐利,全体起立,57
1406,1279784646,150****7484_m1295,天生演说家,420
1407,1582395123,喜欢吃面条的达奚铭晨,来了来了 他来了,169
1408,2317302820,夢瑆蓅蘺,真的勇士,1
1409,1799635907,用户6b4443c3,很喜欢，声音很好听,24
1410,1726300722,春哥⁶⁶⁶,万岁万岁万万岁！,9
1411,1384182761,Chen梓龙🤙🤙🤙,解放,5
1412,1587910709,深邃★灵魂,大佬,16
1413,1441469837,季节6919,感叹中国文化的力量啊！,18
1414,1701687856,图图的开心旅途,请收下我的,7
1415,1400827936,Cameliaahh,伟人演讲,279
1416,2213279909,爱电影的stella,伟人,5
1417,1723545296,小黑鸟尔,妇女节快乐,5
1418,1796163821,用户6b0f48ed,最伟大的人来了,69
1419,1273369386,下一秒笑靥如梦,伟人！！！ 每次说话  我都是眼中含泪阿,40
1420,695655756473604,lmzo66,听的浑身鸡皮疙瘩,15
1421,1385933470,少年经世,全体起立,11
1422,1532872367,喜欢武术的梁丘乐贤,这发质,4
1423,1555657794790272,用户586dcce402380,真正的主角！,83
1424,1217607831134908,aaa周游录,李大钊即是理论家，更是实践者，所以他为革命献出生命,238
1425,1795419526,用户6b03ed86,请收下我的膝盖,11
1426,1682831137,用户644df721,教员,5
1427,1504094732,喜欢吃面条の羊角悠柔,泪奔了我们的先辈们,27
1428,727606320171988,好听的名字丶丶丶丶丶,我们中华民族也总有最伟大的人！,18
1429,1218864511,❀镜花水月❀,蓄之既久，其发必速,183
1430,1815396571,用户6c34c0db,这盛世如你们所愿，先生们,400
1431,1031195599,上品文化☺,大佬已就绪,10
1432,1398674170,好机智的名字,教员牛逼,3
1433,1615758130,宁未名☺,名言来了，要记的,225
1434,2499496150,鸿鹄志在苍宇,这剧代入感太强了,9
1435,1442723924,爱吃甜橙の公上聪慧,全体起立,19
1436,2509684372,子姜炒肉,太激动人心了👍👍👍,13
1437,1233862426,158****6578_m1323,伟人,4
1438,2315633847,の十年i,李大钊辛苦了,10
1439,1653325487,斯文就是神经病,您做到了，伟人，我们将继承您的精神！,2531
1440,1448304475,爱晨练的上官鑫鹏,盛世如你所愿,378
1441,1283517800,134****1258_m1023,伟人说话，太有力量了,309
1442,2400164839,W-红家阿痞,热泪盈眶了,4
1443,5271964579,laozhuoshushu,那就全靠你了,10
1444,1480653930,领袖厉害,大佬,3
1445,1518512774,喜欢喝茶de第五伟诚,李大钊，陈延年，邓中夏，都是为革命捐躯的先行者,11
1446,1230641207,151****3556_m2238,大佬文笔不简单。,19
1447,2595684672,是张金白,说得太好了，他做到了,316
1448,1006298588,1006298588,改革进入深水区,15
1449,1543699708,atime08,这里基本都是原话,65
1450,2386717006,李怼怼！59,一切如您所愿,328
1451,1808112010,用户6bc5998a,你说对了哈哈哈哈,4
1452,1250516340,Van F an,中国人，你要自信,17
1453,2333528048,霍九剑,你说得对，不愧是您！,4
1454,2299932395,chengkino,您做到了，大佬,392
1455,1583751056,旎鵺,中华民族之儿女，将会永远爱您！,4
1456,2448257424,难ˉ～ˉ,说的太好了，伟人，当今之盛世，如您所愿！,17
1457,1484477905764992,涩涩的大圣,的确很彻底,65
1458,1557812102,絮絮栩栩,我就信你,19
1459,1247237429,孟姝170823,他做到了,18
1460,1763830662,土豆丁的小萝卜,大佬讲话就是不一样,14
1461,1750973184,再浪你就输了,我们中华民族做到了！,14
1462,1653325487,斯文就是神经病,你做到了,14
1463,2680604398,天上会不会掉馅饼啊,我要哭了Ծ‸Ծ,9
1464,2289770533,剧场子,好好,1
1465,1658464513,超爱嗑瓜子の呼延婉柔,致敬大钊前辈,1
1466,2326900330,yxf啊,压迫越深，反抗越大,1
1467,2111931572,猫耳开关,伟人,0
1468,2011263901,Crismos,他真的做到了,17
1469,1220159107,smile蔷薇光年,这盛世如您所愿,228
1470,1201857337,霸蛮德斯,这是真的，这是真的。,9
1471,1513621406366528,雪糕不是布丁,鼓掌鼓掌,5
1472,1692188022,呦呦呦💪4894,敬礼敬礼,6
1473,1799827842,用户6b473182,这盛世如您所愿,889
1474,1511236528,祥松远正,这是民众大联合里的话,13
1475,1502975793047296,用户556f2d2402700,好样的你做到了,9
1476,1484477905764992,涩涩的大圣,说到做到了,19
1477,1234933462,无语yng,大佬出口成章，随便站上去都能鼓舞人心,12
1478,1467449881,龙悦晨の倾尽温柔,他说到了，也做到了,476
1479,424938833969857,用户1827ac84002c1,都是学霸，出口成章,142
1480,692470199354255,用户275cc4840038f,愿我中华，于此魂梦江海，万古河山之间，星火世传，奋飞不辍,28
1481,1283214194796552,yimmylll,感人,3
1482,673951239902886,哦买一哇2510,经典！,3
1483,1570952439,小团0920,我们就追随你,170
1484,1191513247,135****3213_m1445,愿盛世如你所愿,113
1485,2408825213,汤汤汤汤汤安,这盛世如你所愿,14
1486,1556669091923968,栖衡5,今天的盛况，如你所说,127
1487,1641918627,时尚的星仔517,全体起立，鼓掌👏,10
1488,1326806804202871,独悟独悟,今天之盛世如你所愿,1
1489,2498693467,豆芽最可爱,看哭了,3
1490,1658464513,超爱嗑瓜子の呼延婉柔,缅怀英烈,3
1491,1737978761,用户67977389,当今如你所愿！！！！,4
1492,2281777209,朱梦瑶_qq1331,冲呀,0
1493,1260522202,134****1812_m1929,致敬,0
1494,2260376722,宋艳红_qq1612,是的,1
1495,2340464925,AAAA郑州·誉丰西餐“文超”,真的实现了,11
1496,1005758793,wadejian_,90后的伟人,0
1497,2468247625,想啥破名好呢,真的做到了，看看今天,1
1498,1271617191,科创年代,言出必行,6
1499,909621665491047,玛卡巴卡688,说的太好了！！！,7
1500,1826662375,用户6ce0a7e7,感谢这一批伟大的人,55
1501,969858648914356,用户37214d04039b4,如您所愿，中华民族繁荣昌盛,27
1502,521070167720414,小陆㈱,我要流泪了，不说了，我笑委屈的哭一哈，太激动了⊙∀⊙！,4
1503,1411047590,GHOST牧笛,这是真的伟人,13
1504,1265556671,137****0836_m1232,他做到了！,102
1505,1668427290,绳子9512,您做到了,21
1506,1728781264,19^_^,感人,1
1507,1415290225,mosouny,申论就用这个了！小生不才，请求为民服务！,7
1508,1823327385,王鹤鹤er,这盛世如你所愿,396
1509,2321035556,SmileSuccess_qq1634,彩彩彩,6
1510,1496544215,喜欢探险の拓跋轩昂,言出必行，矢志不渝,105
1511,1224211708,红色YQH,说的太好了,4
1512,1057062990,十一星宿,人都出来了,0
1513,1359787667,无尽空虚880321,哪里有压迫哪里就有反抗,2
1514,1842497937,用户6dd24991,高瞻远瞩,2
1515,1566250738,AK90度,伟人开始崛起！！！,18
1516,2616174125,喜欢玩排球の侍其寄蕾,盛世如您所愿,11
1517,1742548359,启阳多杰,您做到了,13
1518,1288930380,112233钰,这两句太经典,7
1519,1356414028,昌昌可爱,人类万岁,1
1520,2123268134,_桃子汽水不加冰-Asu,这盛世如你所愿,18
1521,1489151825,非凡@1999,好剧,2
1522,2427759217,四面八方_wx1512,心之力，超震撼,9
1523,1483666244,开坦克的舒克🎉,这盛世如你所愿,81
1524,1302596984,辣鸡你妈,这就是你们现在用的百元大钞,9
1525,909621665491047,玛卡巴卡688,新文化运动万岁！！,11
1526,1511236528,祥松远正,应该是7月写的，这里说早了,5
1527,1180146429,138****9717_m1483,说的太好了,4
1528,1188978351031097,用户4395e98424339,最牛逼的创业集团马上就要诞生了,17
1529,1800254802,用户6b4db552,北大简史,2
1530,1311585974,視覺衝擊丶,记者也举手了,6
1531,789695541814041,谭小迪吖,您说的对✓,3
1532,1347410510,焦小新VIP,这盛世如你所愿,8
1533,1493748396,喜欢吃拉面de南宫傲旋,请收下我的膝盖,2
1534,1413055605,雷雷雷雷lei子,这盛世如你所愿,6
1535,1031195599,上品文化☺,听的我哭了 醉了,6
1536,1428520063,没人要的龙小羽,是该是我们滴，是该也是你们滴，但归根结底是你们滴,13
1537,1273366120,157****1592_m1402,太彻底了 都斩断了,7
1538,1495607906,喜欢玩乒乓球の纳兰陶然,教员伟大,5
1539,1701585465,龙岗花泽类1988,泪目,2
1540,1415214146,欢快的lzxzbx,伟人眼光就是长远,3
1541,1680046625,用户64237a21,真如金子般闪亮,2
1542,2202183681,紫色花秘,还有其友李公朴，还有闻一多,5
1543,1303206428685076,毛乐乐哈哈哈哈哈哈,伟人的眼光，穿越百年,78
1544,1216413188,187****7203_m1460,恩师莫急,35
1545,1695798642,爱新觉罗·大学士,恩师莫急啊,130
1546,1180146429,138****9717_m1483,就我一个人嘛,4
1547,1826662375,用户6ce0a7e7,风骨,2
1548,431151940478984,jshjwkj,新文化运动此时已经成为了马克思主义传播阵地,66
1549,1283054811226904,七七七七七千,致敬那个时代的伟人,11
1550,2213279909,爱电影的stella,恩师莫急,19
1551,1573745344914752,用户5975024402540,这盛世如您所愿。,13
1552,1190037071,MacArthur999,恩师莫急,156
1553,1392581745485471,用户4f28bb442a69f,彩彩彩,2
1554,1258825159,151****9394_m1051,活该,14
1555,2613568457,喜欢探险の欧阳正平,恩师莫急,40
1556,1284023180,136****1860_m1449,哈哈哈哈哈,0
1557,2092795636,卡卡卡斯特罗,恩师莫急,62
1558,2207257563,若失若离1314,恩师莫急,7
1559,1683024449,恋语live,凌晨看剧,3
1560,1580150018,是邹邹呀00,这盛世如您所愿,6
1561,1616242125,菌菌芝麻酱,恩师莫急,10
1562,1003214594,Crazy_man_wei_1055,恩师莫急,8
1563,1207590172,155****6688_m1580,历史的好剧！觉醒的年代啊！！！！,155
1564,494441169167675,℡浮在空气中,恩师莫急！恩师莫急！恩师莫急！恩师莫急！,595
1565,1683024449,恋语live,凌晨两点看剧,15
1566,2242130763,王之用户,恩师莫急！,294
1567,2253144132,包子_wx1338,一个学生太猖狂了,1121
1568,1459116675,爱吃香肠の西门永思,恩师莫急,11
1569,1687823974,猪猪发猪猪,泪目,0
1570,1712683897,🐟👿👿👿keb,恩斯莫吉！,10
1571,1556547658319808,科技馆藏宝图,你不是一个人,123
1572,1224004631,秋華恋,哈哈哈哈哈哈哈,12
1573,494441169167675,℡浮在空气中,恩师莫急！恩师莫急！,392
1574,1763300179,Sunshine666🍉🍉🍉,他急了,0
1575,1703488370,用户65892b72,恩师莫急！恩师莫急！恩师莫急！恩师莫急！恩师莫急！恩师莫急！,260
1576,1817400651555072,用户674ea90402100,他急了他急了,0
1577,1326064651,幸福de123,哈哈哈哈,0
1578,1382192508,爱玩帆船の公仪理全,确实,1
1579,1509856531976000,小王同学Gra,确实说的对,751
1580,1562400111,Superheating,解气,7
1581,1460788005,爱吃烤馒头de赫连海昌,恩师莫急,9
1582,1414223713,LOGO MotherFFF,这个林公看人挺准的嘛，用词精准,278
1583,340808007944195,用户135f68c400803,没人看啊,2
1584,1428520063,没人要的龙小羽,琴南先生身后的的书，有几本是穿越回去的吧,7
1585,1692188022,呦呦呦💪4894,恩师莫急,950
1586,1675238942,超爱骑马的公西国兴,说的太好了,29
1587,2012955621,唐敬豪-TangJingHao,对对对对,5
1588,1500084935,你巴巴上线了,终于发现了,37
1589,1662116294,MD刘。妮儿,就这句话说得对，对极了,107
1590,1618184291,不以己悲95L,恩师莫急,568
1591,1587910709,深邃★灵魂,说的没错,7
1592,1607520833,沧海一粟0529,恩师莫急,7
1593,1502958161,树树姑娘啊哟喂,恩师急哭了都,134
1594,2651655435,小番茄纯鹅,总结到位,472
1595,1518734803,喜欢玩标枪の公孟依美,才知道啊,7
1596,2240493078,张俊根,恩师莫急,99
1597,2278913881,路强_qq1924,这盛世如您所愿,9
1598,1441566847,爱武术の公仲承载,恩师莫急,18
1599,1425739172,爱喝红酒de宇文金鹏,哈哈哈哈哈哈,0
1600,1268279243,186****8367_m2990,我就猜到啦,6
1601,1671743036,Matrixco,终于看清了,64
1602,1420325550,想你哟io,莫急莫急,15
1603,1708484991,微笑的安笙,你终于看清了,17
1604,2316170106,郭如意_xm1760,这个评价很中肯,31
1605,1425899030,0356。,老爷子都知道啊,6
1606,685338779558764,何解×,恩师磨机恩师磨机,0
1607,1093066265,霹雳华府,太好看了,3
1608,1188965070,再见猪猪,恩师莫急,8
1609,1500084935,你巴巴上线了,这个老不死的,1
1610,1261936318,箬叶小妖,莫急又来了,10
1611,340808007944195,用户135f68c400803,这么好的剧,3
1612,1296480940,绯灬云,哈哈哈哈哈,0
1613,1431465431,陈仁杰,哈哈哈哈又莫急,2
1614,2085551212,✎ℳarshmello﹏๑҉,恩师莫急,2
1615,353524466583518,十年脑血栓是几年,都猜到了,7
1616,1438004434,R小帅逼,经典来了,5
1617,1076653997,歪歪的妮妮,恩师莫急,7
1618,1168516630,177****7862_m2979,恩师啊,0
1619,1715833967,5only-sunshine,老一辈革命家值得我辈永世铭记。,3
1620,1745527960,Susie桃妖,可能就我俩,2
1621,2577821204,秦先生と小天厚,老太爷有点可怜看着,128
1622,1508689850,喜欢吃大闸蟹の子书哲圣,哈哈哈哈哈,0
1623,2052866330,炜_qq1944,恩师莫急,18
1624,1378519483,商专兄弟0713,道貌岸然,8
1625,1229249235,惜忧7749,恩师莫急 虽迟但到,270
1626,1282752158,Je t aime1314,恩师莫急,18
1627,1717470633,烫糖抖豆都森生er,哈哈哈哈哈哈哈哈哈哈哈哈,3
1628,2325783318,帅醒的早晨,哈哈哈  恩师莫急,7
1629,1606576508,青蛙喝稀饭,笑死了，真说了恩师莫急,89
1630,1584302707,Stuart_Xu,恩师莫急,2
1631,1541649877,喜欢喝黄酒de纳兰娴淑,又是这句话,3
1632,1787017117,一國,恩师莫急啊,5
1633,1279083692,kanj19133,哈哈哈哈哈,0
1634,1303868893827903,执余生112,莫急莫急,7
1635,1702458975,用户6579765f,恩师莫急啊,11
1636,2071310738,零約束,老头都要哭了,499
1637,1457818050,flame一风影,哈哈哈哈哈哈哈哈哈哈哈哈,0
1638,888858820478242,用户3286992400522,恩师要被你们气死了,452
1639,2235632712,邱丰_qq1695,哈哈哈，莫急，莫急，莫急,7
1640,1332751697,园子小丸子,恩师莫急hhhhh,5
1641,1404570370,筑梦绝,去去去,1
1642,1692188022,呦呦呦💪4894,恩师急了！！！,2
1643,2146165756,丨断桥烟雨丨,恩师莫急,1
1644,2337736511,梦魇丶林啸,这个老头还是有底线的！,111
1645,1601004210,ボの阿部,名场面要来了,4
1646,587864391821522,丑八怪柒染,笑死,1
1647,1461319320,平潭司令,这人的名字交恩师莫急,8
1648,1448494551,风清扬啊扬,老头迷过来了,843
1649,2510346096,这一生的回忆是多么的精彩,恩师莫急,7
1650,1471393795,胡杨儒生,恩师急了,86
1651,1253727064,二月初四2021,张厚载后来转学了好像,87
1652,2458514260,惜。_wx1166,宁可明白啦老爷子,208
1653,2242733327,貮埜そ2201,这个老夫子是同盟革命会的元老，马上就要隐退了,399
1654,1591596034,Kdplovekll,哈哈哈哈哈哈哈哈哈哈哈哈哈哈哈哈哈哈哈哈哈哈哈哈哈哈哈哈哈哈,13
1655,1772155563,ZRAE592,恩师莫急hhh,10
1656,1578323610,绝命律师骚二,我对林老肃然起敬,1711
1657,1831510185,周丘丘,恩师的文人风骨还在的,2040
1658,1398579350,爱吃甜品de夹谷雅柏,恩师莫急,2
1659,1244484427,150****0600_m1583,恩师生气了，断绝关系,534
1660,1454143458,爱吃桔子的高堂兰月,老老头子还是深明大义呀,472
1661,950549482579264,💤eng祥🔀,有人,1
1662,953599345557801,用户3634b26400129,曹士威、,1
1663,1660513760,怪诞大大,哈哈哈哈哈,3
1664,1108366344,187****9930_m1108,这时候才想起来道不同不相为谋？,30
1665,1668427290,绳子9512,老夫子，真文人,1004
1666,1447782627,爱吃披萨的漆雕雪珍,文人的风骨与气节,2849
1667,1702526718,用户657a7efe,老爷子有骨气,340
1668,1107477789683526,男孩纸001😂,漂亮,5
1669,1168688489,xania,文人风骨啊,508
1670,1441566847,爱武术の公仲承载,林老看清了,984
1671,1563334804,肥嘟嘟的艺🍦,哈哈哈哈哈哈,0
1672,448792981681330,胡蕴瑶,文人风骨,64
1673,1570903372,地理嘻嘻嘻嘻嘻嘻,老爷子终于明白了,631
1674,1692188022,呦呦呦💪4894,恩师急了,234
1675,1695505954,远在咫尺🎈✨,深明大义,71
1676,1242385630,ZW.一一,哈哈哈哈哈哈,0
1677,1022226059,michelle_900,林老还是有傲骨的,1406
1678,1451696701,see you  again  my  lover,有风骨,65
1679,2337151219,SwordsSun,有底线,369
1680,1575499157,黑鸦片香水,幡然醒悟,188
1681,1510839702,喜欢吃火锅の王孙凝云,哈哈哈哈哈哈,0
1682,1805569854,依水墨云,人有时候清楚比一辈子糊涂好,39
1683,789695541814041,谭小迪吖,意见虽然不同  文人气节很足,195
1684,1570862482340672,用户594b0ec403b40,文人风骨,279
1685,1546073987,喜欢打网球の呼延伯,举人，文学家，翻译界泰斗级人物,67
1686,1572501765,Y_YHY_Y,这老人的配音好像TVB金庸武侠片,8
1687,1546073987,喜欢打网球の呼延伯,译才并世数严林,11
1688,2068172915,高雁77,高风亮节，文人风骨,512
1689,463048481441780,用户1a523e04007f4,恩师莫急,2
1690,2111931572,猫耳开关,文人风骨,89
1691,2657594868,猛@何以解忧、唯有退休！,泪目，演的真好,313
1692,1566250738,AK90度,这样老师不要也罢,0
1693,1699943179,小茜最牛逼,莫急,1
1694,1402335992,艾乞易,恩师三思,0
1695,1657169542,风华叹1231,恩师真急了,60
1696,1249525524,186****9363_m2563,文人风骨,7
1697,1465102001,未尝过久,这就是文人的气节 要堂堂正正的面对,10
1698,1411047590,GHOST牧笛,真正的读书人,212
1699,1092497655,wangbaosheng2011,恩师莫急,6
1700,1592466992,维扬君·,文人傲骨,936
1701,1273772637,暴风女神九月的天空,我也准备熬夜看完能看的，都更新了30多集我才知道这个剧，追了好久,6
1702,2074640821,蜗牛3351,恩师莫急,4
1703,1644295069,life is a movie😉,呜呜呜哭了,166
1704,1319465845,孟登迎,叔侄一对戏精,309
1705,2336618392,冯娟_qq1351,林老有风骨,19
1706,2321846519,a_qqb3ni1,恩师终于急了,140
1707,1447782627,爱吃披萨的漆雕雪珍,文人的风骨,621
1708,1596210899,喜欢柔道de东里菱凡,莫急呀！,7
1709,2493144258,初倾。_qq1812,还是有文人的傲骨的,310
1710,1084649023,158****2292_m1249,说得好！老人家不糊涂！,48
1711,4395205,shamila0603,这才是文人啊,59
1712,1272648702,付家大哥,恩师莫急,7
1713,1322845487,一只猫爷爷,哈哈哈哈哈哈哈哈哈,4
1714,2388048997,跳房子6688,太累了,6
1715,2026102737,锦鎏V,其实应该很伤心吧,2942
1716,1162611113,🌙庄,哈哈哈哈  好可爱,17
1717,1244484427,150****0600_m1583,这是真文人,20
1718,1314475422,疯狂的卷卷的卷,恩师莫急呀！,5
1719,1420228297,可苦可乐へ￣),一辈子啊,5
1720,1215614402,无处安放的青春._,一世英名，毁于一旦。,11
1721,1188036578645670,爱其你😆,文人的气节,2
1722,1662847485,超爱K歌de颛孙静白,林纾演得棒👍👍,19
1723,1679053253,超爱玩排球の公冶良奥,文人风骨啊,99
1724,1500084935,你巴巴上线了,林纾演得不错,815
1725,1613434661,两袖清风一身傲骨,老戏骨真的好厉害啊我也想哭呜呜呜,171
1726,558985065276857,轩轩@铭铭,演的真好,5
1727,1441710249,爱晨练de公仲锐阵,恩师莫哭,641
1728,1512253953,Buzzowo.,老人家还是很好的，只是立场不同,530
1729,2423079416,文氓_wx2915,恩师怎教出如此弟子,149
1730,1498785616248640,换个风风火火,儒文风骨,161
1731,2228633854,玄限_qq1271,哈哈哈,0
1732,1480760756,好看追着看,演技一流,16
1733,1692188022,呦呦呦💪4894,恩师急哭了,13
1734,1842497937,用户6dd24991,明白人,6
1735,1237765905,风云贝天下融,文人风骨,7
1736,2466177741,倔强的陈,虽然老派，保守，固执，但气节令人佩服，值得尊重！,35
1737,1662121589,超爱打篮球的诸葛水瑶,也是了不起啊,7
1738,453947714175856,大哈一直哈哈哈哈,老头说我的颜面,165
1739,1634360815,超爱吃香肠de成公锐利,战术变声,14
1740,1207033035,415529390_1587,这演技 哈哈,15
1741,1701807365,用户656f8505,这俩人咋那么像苏家大房父子俩,30
1742,1162611113,🌙庄,呜呼哀哉,124
1743,1499121731,喜欢吃冰激凌の相里依秋,妙龄,1
1744,2491052190, 飘逝瞬间,林老为人还是不错的,162
1745,1646009799,超爱逛街の上官漾漾,恩师文人风骨敬配,249
1746,354769537338633,音元者,我都哭了,9
1747,2460889147,Manjusaka、凄凉,恩师莫哭,22
1748,2046657539,农妇山庄有点田,文人傲骨,107
1749,1816543663,小土层,林琴南老先生！,18
1750,1746775359,Pooma 卜马,把恩师都气哭了😭,126
1751,1361713164,爱马拉松de谷梁子美,恩师有原则的，不搞阴谋诡计,24
1752,535613161875661,周毅豪☁,心寒了,108
1753,2173686241,Mouthful_Rulers,哈哈哈哈哈我累了,9
1754,1807900080,梦在人民,有文化就是不一样,10
1755,1660501754,遇见梦中的我,哈哈，我累了,5
1756,2340212073,WTW_wx1333,这才是文人,481
1757,2422797614,ZT小伊,这老头在笑,0
1758,1308620637607121,用户4a62efc4014d1,文人风骨,340
1759,2526172590,爱玩网球de单于仪芳,呜呜呜呜呜,0
1760,1326806804202871,独悟独悟,哈哈哈哈哈，这个老头好玩,1
1761,1773062266,日知为智pt,文人风骨啊,5
1762,1551771114,是我永世不变的信仰,把老头子气哭了,87
1763,1394683167,暗黑杰克张,林舒还是很有原则和骨气的,52
1764,1204589498,BrattPeter,正人君子，只是立场不同,2265
1765,1373634609,Kwan2016,恩师累了,10
1766,1759534549,蓝-ll,林纾毕竟是大师,531
1767,2399925019,胖胖旺,演的真好 看哭了,11
1768,2492545662,Bubbleξ泡沫,他们毁了林老先生最看重的东西,54
1769,909621665491047,玛卡巴卡688,文人的风骨啊,16
1770,2466976088,龙之向导-客服,政见不同，但是人格清明，为人堂堂正正,107
1771,2290265639,ASD_qqh0va1,恩师莫急,0
1772,1272648702,付家大哥,恩师莫急呀呀呀 学生告退了,6
1773,1380128025,边疆旅人,老人还是不糊涂的哈哈,422
1774,1685722480,用户647a1570,文人雅士,19
1775,1328945412,爱吃沙拉的谷利月悦,演的好啊,1
1776,1495607906,喜欢玩乒乓球の纳兰陶然,老先生正人君子,161
1777,1328451283,晴雨？星空,好心疼😭,5
1778,1733243858,耳麦天使07,老头伤心死了,16
1779,1529822142,风雨同行168CL,文人墨客,4
1780,2457787290,静悄悄的想你078,士自当建功立业，节气为先！,5
1781,1746506209,羊上树（生活真如此）,再守旧的文人也是有底线和原则的,82
1782,1247237429,孟姝170823,文人风骨,18
1783,1458812491,太极心流…号昆仑,恩师莫哭……哈哈哈,7
1784,2026102737,锦鎏V,他自己得多难过,14
1785,606858079373271,用户227ef284007d7,感动文人的傲骨,18
1786,1595031865,浮光掠影惊鸿梦,恩师莫哭啊,4
1787,1383716949,爱吃泡面の仲孙晨潍_1544,旧派文人还是有风骨的。,6
1788,2417050613,shape异界,以德报怨，何以报德。君子以直报怨，以德报德。,10
1789,2148683077,物是人非_qq1593,学生告退了,2
1790,2537872632,风中之神☆^O^♂,恩师莫急啊,4
1791,1411047590,GHOST牧笛,真的读书人,16
1792,1490030021,木車車木,这就是气节！,16
1793,2011263901,Crismos,忽悠老年人,1
1794,1718648716,用户66707f8c,恩师莫哭，恩师莫哭呀,4
1795,354769537338633,音元者,老先生晚节不保,100
1796,927166405544305,狗蛋叫一声,文人若无风骨，与大众何异,234
1797,1453022497,administrator.l,文人的傲骨 佩服,224
1798,1426751632,你韧你精彩,林先生大智慧阿,76
1799,1643915155,超爱懒床的图图,老人家伤心了,652
1800,789695541814041,谭小迪吖,学了一辈子的孔孟之道 很难改变了 也是当世佼佼者,142
1801,2512514512,繁华渐远0573,恩师再见,4
1802,1621017735,超爱玩保龄球de尉迟微熹,心疼琴南先生,795
1803,1313625598,Alex不爱吃拉面,都是演技派,12
1804,1313306214,divine大神,中国文人的风骨，敬佩,487
1805,1314591718,挨冻科尔,恩师这是真急了,212
1806,1766048013,用户6943c10d,被气哭了,163
1807,955781558044977,可乐加冰啃鸡翅,老头要归天了,12
1808,2290265639,ASD_qqh0va1,恩师莫急,3
1809,2345481804,lose_wx1386,还是个君子,112
1810,1074890678,壹薇王by公子壹,真正的文人，是傲骨与风骨并存的！,158
1811,1616076075,松烟か,恩师莫哭,140
1812,1605347095,喜欢跨栏の上官文昌,林老夫子，正人君子也！,623
1813,1744963752,1号Gamer,老人家到最后还是被摆了一道,401
1814,2317795100,陈桂煌_wx1378,毁灭吧 我累了,234
1815,1739304409,你们的小咩咩,这演技太好了,43
1816,2663680088,用户9ec48858,文人有傲骨啊,220
1817,1576248145,Bonday,恩师哭了,4
1818,1356535298,漂浮的光V,《林蔡之争》结束了,26
1819,1319465845,孟登迎,林老夫子还真令人佩服,193
1820,1028517567402794,武丑兄,文人尤其是林老先生这种守旧的，风骨比命重要,394
1821,1798003805,用户6b2b5c5d,虽迂但有风骨,701
1822,1702526718,用户657a7efe,恩师急了,8
1823,1379236606,我每天都很拉风👿🌟,这两个家伙真笋！把老先生气成这样👿,132
1824,1208869898,刀锋引梦,文人傲骨,15
1825,1474281668,喜欢喝白酒de微生俊爽,恩师莫哭啊,7
1826,1222405737,丟嘞螺母,恩师莫急……,3
1827,1489603548,尕看剧,恩师莫哭莫哭啊,8
1828,1816876491,昭院学生和小虎,大家风范,7
1829,1552165370,战标妹妹《》18178,林老光明正大，也是风骨,147
1830,1790138007,确认过眼神cxk,这段看哭了,15
1831,1644295069,life is a movie😉,老人家的背影好孤独,332
1832,2394662831,荧惑少年ᴥ,文人傲骨,5
1833,1325830713,爱吃榴莲的小女孩,这些家具陈列也太牛逼了。,9
1834,1485998662,吴莘扬,中国文人的风骨👍,27
1835,2320661570,圣帝·绝逸尘,他只是想维护中国传统文化，维护儒学正统,77
1836,1160850045,i勿忘我ii,辜老和林老都是真正的文人,227
1837,2285917963,郑潇洒321,夺笋啊,4
1838,1474649603,喜欢晨练の单于彭彭,文人的傲气,269
1839,1450733371,爱越野の葉少,文人风骨，肃然起敬,287
1840,1327416476,shuy V,名声没了,403
1841,1620079896,Mr 你MSN,真的是有的必活这更可贵,5
1842,2512366981,＠周瑜打黄盖,恩师莫急,1
1843,1404919809,小红帽爱睡觉,这老头坚信他所坚持的是真理,17
1844,1662340899,超爱武术的乐正晓蓝,彩！,0
1845,1679053253,超爱玩排球の公冶良奥,名对于文人来说堪比生命啊,173
1846,1263706635,135****0069_m1650,林叔光明,5
1847,1567237270,rbndor,好演员，林老老戏骨,332
1848,1225400578,符明哲xl,这不是孝庄去请的老臣么,6
1849,1110897436,139****5906_m1422,听说苏轼和王安石私下也是朋友,19
1850,1518734803,喜欢玩标枪の公孟依美,这才是学术之争啊,431
1851,1662116294,MD刘。妮儿,毕竟活了七十了，什么都看的明白着呢,136
1852,1584029834,喜欢喝橙汁の尉迟清嘉,到底是君子之争，光明磊落！,571
1853,2291806217,秋初.雨未寒,学术无对错，初心也无对错，关键是要不忘，坚守,242
1854,1205684360,kevin哈哈,演得太好了,14
1855,1628590102,觅匿969,为人之底线,18
1856,1816876491,昭院学生和小虎,演技+1,4
1857,1085700770,186****3855_m1853,心疼,0
1858,2412358864,今天刚好,垂垂老矣，无力回天,179
1859,1433150879,爱吃薯条de谷梁彭魄,老头只是他们的工具,753
1860,1161086502,岁月l星辰,老头演得好,3
1861,1186138227,爱追剧爱回忆,恩师心里明白着呢,435
1862,2199299986,LANYILYSB,心疼,1
1863,1446967232,rumenglingzai,他们要保护的是这样的传统文化，也着实可敬,120
1864,1441566847,爱武术の公仲承载,失节事大,39
1865,1430227518,叶修家养的乔沐沐,理念不同，君子之争,117
1866,2318535372,就这样吧💯🎉0404,哀痛万分,6
1867,1157620394,159****7653_m1272,文人爱名,4
1868,2422797614,ZT小伊,老头快断气了,7
1869,1346444483,为师一打十没问题,君子和而不同,24
1870,1080393042,渔樵江渚ws,君子无所争，其争晔jujzi,1
1871,1578023621,錦颿,文人风骨，孔孟之道,97
1872,2504733049,陈fangyuan,君子和而不同,210
1873,773067676706827,用户2bf19d841e80b,我来啦,0
1874,7380430,光彩达云,心疼老人,3
1875,1441469837,季节6919,林纾、辜鸿铭，都是君子！,532
1876,1188036578645670,爱其你😆,天天有人结婚,60
1877,1732304269,再见陌路ttt,我们又这么多优秀的老戏骨,4
1878,1733243858,耳麦天使07,文人注重名声,17
1879,1716041010,用户6648b532,老先生活到现在，绝对是国学大儒，厉害了。,20
1880,1470791665,天天天蓝1314520,向老艺术家致敬,6
1881,1808112010,用户6bc5998a,看得我还有点心酸,9
1882,1829235117,用户6d07e9ad,有点东西,1
1883,670075132635146,用户2616e0640e80a,有底线的前辈，不管信仰和理念有何不同，都今人肃然起敬,39
1884,2345481804,lose_wx1386,老一辈名节很重要,215
1885,1767011801,用户695275d9,一世的英明,3
1886,1099214907,135****5290_m1235,这些报纸劳苦大众谁看呢,2
1887,1765347125,看没错,小孩文化挺高啊,17
1888,2250391358,H8656,天天都有人结婚哈哈,163
1889,634739094454769,用户2414ab64001f1,守旧派本来就可以共存，都是中华的珍宝，破坏历史进步的人才是敌人,169
1890,2455758938,海浪約定,有亮点，这回终于结婚了,17
1891,1529793065519104,爱读书的若初,师慈徒孝,1
1892,1187633514,158****1649_m1187,为啥每集都在结婚,197
1893,1266272035,136****7760_m1396,民国的小报童都这样有文化,284
1894,1482746780,IvyD666,这哥们还没娶上媳妇呢？,254
1895,2068435564,茹mmmmmm,每次拍街道都有结婚的呢？,270
1896,1553399114,喜欢吃铜锣烧的谷梁飞英,热搜,2
1897,2352694247,大华宝斋,一直在说北京大学，那个时代应该叫燕京大学吧。。。。,6
1898,1428298902,我是亮李,那时的北京大学多出说客，他们有思想有前瞻性,6
1899,1410060148290773,用户50271364034d5,咋每天大街上都有红白事,28
1900,1605753528,Anthonygy,哈哈,0
1901,1013592830,1151206839,骆驼出场是什么意思,3
1902,1511478588,阿兰若的梦,结婚代表新事物，丧葬代表旧事物。之前在大街上表演活报剧的时候两者都出现了，我觉得是两者的斗争,138
1903,1594371671,♡KP♡,这时候卖报的好赚钱哇,4
1904,1735251068,呵呵呵呕呕,卖报卖报,1
1905,1448681504,喝阔阔阔阔阔乐,可以 小伙子,1
1906,1002815840,乩童,这婚结的都不敲锣打鼓吹唢呐了,4
1907,1303091926,魑魅魍魉速速退去,婚丧相遇在剧中多次同时出现，表明新旧必然交锋,46
1908,2019650033,回笼教教主🤘🏼,结婚代表新 而仪式是旧 新旧在一个事物同时体现 以小见大,53
1909,1180790029289561,礼拜三2,儒学是好学问，但是不能独尊儒学。,22
1910,2000614893,Aanqiazhou,我已经看到两次喜事一个丧事了,9
1911,1343265091,花容月貌の吉尔斯吉德利,说话尊敬一些，都是先烈，伟大的人！,482
1912,1672079206,休闲x时刻,现在北大牛逼是有原因的,109
1913,1593373278342080,用户5a92a20400bc0,做？,14
1914,1495607906,喜欢玩乒乓球の纳兰陶然,北大真牛,13
1915,1504094732,喜欢吃面条の羊角悠柔,有才的青春,29
1916,1701410822,仰泳的鱼🌈qq,百年北大,6
1917,1495607906,喜欢玩乒乓球の纳兰陶然,2022北大报到,13
1918,1433150879,爱吃薯条de谷梁彭魄,这个小伙有才啊,244
1919,1446977597,爱吃拉面の欧阳幼丝1,延年演的很好，好吗，而且延,168
1920,1759534549,蓝-ll,不是一般的人,10
1921,1318101953,葵花儿爱太阳,好酷,0
1922,2307515188,浪荡街痞 ኈ,高材生都去北大你说呢,334
1923,1483666244,开坦克的舒克🎉,使命必达,351
1924,1085384462,张兔子努力努力,这个组织能力是真的厉害,420
1925,1575639558,東咚嚨咚鏘,學生都這麼燃,12
1926,1169275565,疯狂的9⃣️耶,干净利索，执行力强，这就是北大的风格,428
1927,1342147051661098,用户4c4acf640272a,军事化了,57
1928,1002617538,幸运喜乐富足,多好的青年ren q,9
1929,2412358864,今天刚好,全中国的最优秀的人才聚集地,120
1930,1429629186,Kenycctv,好帅啊,3
1931,1759534549,蓝-ll,二十岁就有这个水平，厉害呀,652
1932,2507694674,爱吃蛋糕de公孙承安,没有好好学习真惭愧啊,565
1933,2307215908,晓艳_qq1540,东风快递,8
1934,1819977606,用户6c7aa786,清华咋了高材生不少吧,14
1935,1726300722,春哥⁶⁶⁶,使命召唤,4
1936,2184062596,Heralds,燃起来了燃起来了,181
1937,1829289973,心语12138,太绝对了吧。,2
1938,1442723924,爱吃甜橙の公上聪慧,大家看看，过去的学生忧国忧民，读书为建设改造国家，如今读书皆为出国谋前程。北大清华,126
1939,1603636205,严格他爹,说干就干,7
1940,1144328307086996,用户410c2b2401694,牛啊,0
1941,1705579694,用户65a914ae,没看见他们怎么上课嗄,0
1942,1648511148,老实憨厚的小邹,BGM燃起来了,9
1943,1115792678586165,用户3f6ceba400735,五四。来了,3
1944,1195502289,睿麟智者,真热血！,0
1945,1356486817,catrun,学习什么时候都不会晚,3
1946,1591763741,你可以去死可,哎呀,0
1947,2039748717,通古论今,中国人团结起来、认真起来是无敌的！,3
1948,1726300722,春哥⁶⁶⁶,使命召唤最终行动,1
1949,1154283376,187****9873_m1607,诸暨俞氏，名门望族,2
1950,1565788475,玫瑰51513,不愧于北大的高才生，做事如此缜密,5
1951,1594089643,深圳南山大旺,中国从不缺人才，能承担，鲁迅先生讲的,22
1952,1842497937,用户6dd24991,有调理,3
1953,1115342612993720,用户3f665f04016b8,演偶像剧去吧,1
1954,2353757224,君子坦荡荡！！,有组织有纪律,10
1955,2651209772,超爱喝龙井的长孙兴平,中华民族的伟大复兴，我辈义不容辞,122
1956,1831406433,有气质的千万孤独,紧张激烈,6
1957,1671341535,红心落雨,行动了,1
1958,1059929499,vysezhou_1753,厉害啊，有文化，能战斗,17
1959,1313306214,divine大神,每一个都是国之精英,106
1960,1319465845,孟登迎,好多都外校的同学啊,6
1961,1383964094801973,方方正正的海绵,起风了,545
1962,2148683077,物是人非_qq1593,没有好好学习真惭愧啊,837
1963,1258887045,白敬亭家的秃头仙女,起风了,15
1964,1675888034,超爱爬山de公仲瑞灵,想想以前的北大清华，真是忧国忧民啊,318
1965,1553478199544256,用户584e1544009c0,大学得有自己的文化,16
1966,1448838575,NatashaFan,热血沸腾,4
1967,1537841945,宸丫头w,好感动,0
1968,1679053253,超爱玩排球の公冶良奥,这弦乐给劲啊,5
1969,30744320,主人的喵喵,这觉醒的风，就从来没停过,195
1970,1419692232,爱旅行の太史绮思,现在要是年轻孩子，一定好好学习,5
1971,1311535987,美玉是美女,这里看哭了,3
1972,2054911414,花泽凌1314,对！起风了！,347
1973,2493144258,初倾。_qq1812,我也看哭了.那个时候的精神啊,12
1974,1810563042,用户6beaffe2,有组织了,2
1975,2430049883,胡佳瀚,今天的幸福生活来之不易啊！加油吧中国🇨🇳🇨🇳🇨🇳,4
1976,1382948936,爱喝龙井の宇文和美,都是好样的！,4
1977,2458514260,惜。_wx1166,宁预感真准,636
1978,2200125715,秋的娇妻,哈哈哈哈哈,1
1979,1377400942,在等阿絮,你的预感是对的,894
1980,2057193822,ωêǐ新,背景音乐 气势磅礴啊,1
1981,1205509615,152****1794_m1463,汽车的led灯好亮吖,1
1982,592860512765964,安然aaaaa,起风了,4
1983,1441710249,爱晨练de公仲锐阵,张丰载，你完了,312
1984,2202224387,婷婷123321,起风了，你们要输了,312
1985,2350507681,昵称都被占用后的妥协,缺德事做多了，你知道亏心怎么写吗,246
1986,2138453517,ファンチー,起风了,6
1987,1462914593,怯蓝,起风了,4
1988,1573581638,OK耶嘿123,张丰载,2
1989,1437604643,我家土狗是大王,起风了,0
1990,2020221445,shijia27,哈哈哈哈哈哈哈哈,2
1991,1437604643,我家土狗是大王,起风了,0
1992,1692188022,呦呦呦💪4894,你们输了,12
1993,1444903227,爱柔道の公仪经纬,起风了,0
1994,1042620265,伊次  波娜  阿特,起风啦！打雷了！下雨临！风暴舞！,11
1995,2138453517,ファンチー,起风了,4
1996,1037183536348014,用户3af501c403b6e,起风了,0
1997,2291806217,秋初.雨未寒,剧中人方识剧中意啊,4
1998,2516500221,jxfzlong,更大的暴风雨就要来了,3
1999,2250783862,昊天_wx1024,恩师莫急,2
2000,1443604775,爱吃蛋糕的公羊凝静,这兰花得弄死了,2
2001,1581778450,喜欢吃甜橙の即墨湛蓝,这个镜头是不是暗示两个人分道扬镳了,14
2002,1285285805,135****7527_m1178,这就是五四的基础,4
2003,2537872632,风中之神☆^O^♂,看了这部剧，重新认识了北大，好崇拜，以后我的子孙以北大为目标奋斗,11
2004,1221237710,九点半读,之前想报清华，自从看了这剧我坚定考北大,112
2005,1571253170,w_yama0816wy,预感挺准,10
2006,1235654803,180****2886_m1182,这盆兰花价值高,1
2007,2512366981,＠周瑜打黄盖,我的同学前辈们，能和你们同校，我自豪,164
2008,1783016824,王者之剑560,清华大学的人物呢,1
2009,2265587047,某！绿衣,如果仅仅以一个大学为人生目标的话，那会毁了后辈。因为等到考上大学，就会陷入迷茫。,135
2010,1472550934,YOU蒙2018,你是庞各庄大学的校友吧,198
2011,2148683077,物是人非_qq1593,这盆兰花价值高,3
2012,1283381652,Matt冬冬,离真相尚有距离！不过，已经不错了！,11
2013,1703430366,用户658848de,笑死,0
2014,2119693361,kongjunling_qq1376,这剧真好,2
2015,1168688489,xania,分道扬镳了,15
2016,1007447641,南诏郡主1008,这兰花真好看,17
2017,2386717006,李怼怼！59,你可真是,5
2018,1392581745485471,用户4f28bb442a69f,来了来了,0
2019,2122832865,いっぽうつうこう低调,天天都是有种,1
2020,1324708612015900,用户4b4d0c240071c,毕竟你是北大学生,3
2021,1022328793,shevochenk,顾耀东来了,14
2022,2378306134,你的孔叔,前面顾耀东的别走哈哈哈哈,11
2023,2148683077,物是人非_qq1593,你大学一毕业,50
2024,1644290498,柚柚是个小太阳,这兰花养的真好,2
2025,1573216062,MuraeHaruki,毕不了业了,331
2026,1289950274,夏公子_,我后代能不能去北大读书倒无所谓，我希望他们能去北大教书,21
2027,1443604775,爱吃蛋糕的公羊凝静,啧啧，直接安排工作啊,12
2028,1162063179,mr虬髯客s,嗯，良心之举,0
2029,1188762819,qingyi66,背景的京剧音乐，好像是孟小冬啊,1
2030,885480627380918,啦啦啦啦啦啦🔥Emily,后面的京剧背景音好像是《双投唐》,2
2031,1313306214,divine大神,起风了，五四运动的惊雷就要来临了,171
2032,2062700059,日子长着呢！,漂亮,1
2033,1346137780,魏无忌😀😇,这哥们的爹呢，怎么都是二叔,277
2034,1701225163,我是映子,二叔说的对,1545
2035,1433397755,老生陆诚-陆大人,这个人怎么上了好多年学还不毕业,241
2036,1455917211,愛美麗念卿,欧阳锋与欧阳克的原型,90
2037,1289950274,夏公子_,哈哈哈哈哈哈,96
2038,1042620265,伊次  波娜  阿特,这盆兰花越看越喜欢！,9
2039,2338417969,磊_wx3279,你二叔说的太对了,1134
2040,1326064651,幸福de123,哈哈哈哈,0
2041,2509684372,子姜炒肉,说得好,741
2042,2539441341,辙痕233,看的还挺清楚,10
2043,1474130874,岩丁豪想,哈哈哈哈哈,2
2044,1443604775,爱吃蛋糕的公羊凝静,哈哈哈哈，说的太对了,774
2045,1510770537,闻人云泽,笑死,2
2046,1625270755,人间乐园哇哇哇,哈哈哈哈哈,1
2047,1247237429,孟姝170823,过于真实,267
2048,2509684372,子姜炒肉,哈哈哈哈哈，终于说了句实话,305
2049,1435876812,小新没蜡笔121,哈哈哈哈哈哈哈哈,6
2050,1646332908,假 想 敌 .,哈哈还是老爸了解儿子,17
2051,1304410434,丢丢大大糖,叔叔说的太对了,350
2052,1244484427,150****0600_m1583,点评到位,121
2053,1570920766382849,用户594be7e402301,哈哈哈哈哈,0
2054,1491100142,丨再次重逢的世界,说的好,4
2055,1662116294,MD刘。妮儿,说的好说的妙，妙啊妙啊👏,9
2056,227283308,开开——,说的太对了,9
2057,1212163417,尼采世界的诠释者,哈哈哈哈哈哈说的就是你,3
2058,2214708052,Shayne-Yu,颇有自知之明啊,50
2059,1725524039,Kelly1108lky,哈哈哈哈哈哈哈哈,0
2060,1590562257,安铂卡斯,哈哈哈哈哈说得好,1
2061,1168669897,半岛铁盒90,哈哈哈哈哈哈哈哈哈哈,0
2062,1831510185,周丘丘,说得真实,8
2063,1085609095,158****8892_m1256,二叔看得准,7
2064,1375984611,rautiol,笑死了,1
2065,1329014645,阿瓜和阿呆2,说得对,3
2066,1394121530,CCYL～,笑死我了,1
2067,2338478806,有猫的啵啵,哈哈哈哈,1
2068,1448251601461902,用户5252d5a40228e,说得太对了,9
2069,1607470242,喜欢奔跑de士孙高邈,总结太到位,20
2070,2406901237,裘庄大佬李宁玉,都是一家人,78
2071,1780754379,用户6a2427cb,哈哈哈哈,0
2072,1759534549,蓝-ll,评价准确呀,18
2073,1768158847,火车男的女王,说的真好啊！实话嘛！😘👍👍👍,5
2074,2207257563,若失若离1314,二叔莫急,122
2075,1448494551,风清扬啊扬,潜移默化,13
2076,1379987017,爱背单词de公广永宁,哈哈哈哈哈哈,0
2077,1544137652307264,sʏɪʟᴋ,笑死,1
2078,26675695,fxb_801,哈哈笑死我了,127
2079,2712201976,水泥砖厂,6666666666666666,1
2080,1707026098954048,用户61087fc401f40,哈哈哈哈哈哈,0
2081,2307717474,北九爷德源,有其叔必有其侄😃,73
2082,1349486799,文思敏捷的伊凡杰曼,哈哈哈哈,1
2083,1500084935,你巴巴上线了,最高的褒奖,18
2084,1700378736,喜笑严开_,这俩也绝了，哈哈哈,140
2085,718741608368143,靓仔且沙雕98,确实确实,1
2086,2139505025,你的聪明蛋呀,哈哈哈哈哈哈,2
2087,1232816325,159****2843_m1438,没人？？,0
2088,1229977398,咿咿呀呀558,这算自夸？,6
2089,2026102737,锦鎏V,你们还挺清楚,629
2090,1290555838,139****1500_m2669,你是你教的,9
2091,1242385630,ZW.一一,哈哈哈哈哈哈哈,0
2092,1747072369,Eliane11x,真敢说实话,73
2093,2311714901,2311714901,还是二叔了解我,210
2094,1522284420,载歌载舞的周周周周,哈哈,0
2095,1188429681,瑄妈3333,笑死我了,1
2096,1621000107,哈哈 啊哈2,笑死了,2
2097,2503016488,冰棍冒气,这兰花养得真好,12
2098,880400150838479,bwcxdm,哈哈哈哈哈哈哈哈哈哈哈哈,3
2099,1831526585,山山陑川,666.,2
2100,1842888933647680,Gray.   JIANG.星空,哈哈哈哈,0
2101,2577821204,秦先生と小天厚,哈哈哈哈你也好意思说别人,115
2102,1783096336,雨雪霏霏琴瑟起,哈哈哈哈哈,1
2103,2557932211,喜欢吃西瓜的叔孙星阑,说的太好了 就是的,18
2104,315693962629786,心伊紫,还是你二叔了解你啊,18
2105,825916947179669,用户2ef2ac6402895,哈哈哈哈哈,0
2106,1202189474,187****9082_m2045,还有点自知之明,17
2107,1324708612015900,用户4b4d0c240071c,君子如兰,5
2108,1677860090,超爱喝橙汁de公孙心诺,你二叔的官方吐槽,41
2109,1367288756,勤劳の路卡巴班克,配说自己是君子？,8
2110,2068577962,飘散的花,真实伤害了,6
2111,2427264433,等闲平地风波起,一集又快完了~,3
2112,1678040071,用户6404dc07,兰花快枯萎了,10
2113,1425743919,爱喝黄酒的尉迟笑寒,哈哈哈哈哈,1
2114,2625633382,超爱旅游的延陵英飙,太有意思了,0
2115,2148683077,物是人非_qq1593,哈哈笑死我了,5
2116,1686631255,踏遍青山人未老青山依旧在,哈哈哈,0
2117,2070530979,在下就是陈太太,哈哈哈哈哈哈哈哈,1
2118,1493187664,胡多多福,心里门清,14
2119,1451447822,最帅庞小鱼,哈哈哈哈哈哈哈哈哈哈,9
2120,1591092458,常乐,哈哈哈，对自我评价还是中肯的哈。。。。,18
2121,1799182788,蒙奇D啊呜,哈哈哈哈哈哈哈哈哈,0
2122,1771400167,小琪心里软,哄 堂 大 孝,885
2123,1839315561,土豆君O,哈哈哈哈,1
2124,1829095059,用户6d05c693,哈哈笑死了,7
2125,1181743934,否流,好傲娇啊🤪,28
2126,1326064651,幸福de123,哈哈哈哈,0
2127,2148683077,物是人非_qq1593,兰花快枯萎了,9
2128,1738735473405761,Shirleybaby啊,哈哈哈哈哈哈哈哈哈,2
2129,1384639915,柄子酱,哈哈哈哈哈哈哈哈哈哈哈哈哈哈,13
2130,1443604775,爱吃蛋糕的公羊凝静,使性子了,14
2131,1550072223382720,名明鸣冥瞑,哈哈哈哈,0
2132,1173068785391262,用户42ae65c40169e,就这,3
2133,789695541814041,谭小迪吖,哈哈哈,0
2134,1666993266,迟暮老人文,哈哈哈哈哈哈,2
2135,1049293800658184,北宁Benny,哈哈哈哈哈哈哈哈哈,14
2136,1509939381,耶耶耶耶🎆Lauren,哈哈哈哈哈哈哈哈哈哈,15
2137,1643383107,一般可以的33,哈哈哈哈哈哈哈哈哈哈哈哈哈哈哈哈哈哈哈哈哈哈哈哈哈哈哈,12
2138,1664880170,超爱喝牛奶的钟离琴音,哈哈哈哈哈,1
2139,1387296922282343,七安玺肯,笑死了,15
2140,1646332908,假 想 敌 .,嗯哼,90
2141,1665222863,铁锤公举,哈哈哈哈哈哈哈哈哈,2
2142,1473299285,喜欢吃拉面de巫马天青,哈哈哈哈哈哈,0
2143,1570268097,喜欢喝咖啡的妞！💞,哈哈哈哈哈哈哈哈哈哈哈,25
2144,1693738243,antenna-,哈哈哈哈,0
2145,2316595484,alone° 逃生″,哈哈哈,0
2146,1503387890,喜欢吃烤馒头の尉迟凝莲,哈哈哈哈,1
2147,2492880635,黑客帝国_qq1291,笑死我了,2
2148,1665040782,嘻西浠呀,哈哈哈哈,0
2149,1779663327,东方来才,君子如兰，重在践行,327
2150,1224004631,秋華恋,哈哈哈哈哈哈哈哈哈哈哈哈哈哈哈哈哈哈哈,10
2151,1625466439,机智的煎饼果子1126,哈哈哈哈哈,0
2152,1469098248,小狼狗9251,哈哈哈哈哈哈,0
2153,1346137780,魏无忌😀😇,怎么都是二叔啊，这哥们的爹呢,425
2154,1671341535,红心落雨,这镜子照的好,3
2155,1606429344,战斗英雄晃荡,牛批,0
2156,1675420508360512,专注的Keynes,哈哈哈哈哈,0
2157,1625466439,机智的煎饼果子1126,哈哈哈哈,0
2158,1777579785,清蕊♥,啊啊啊,0
2159,1460254912,1820🌻.,哈哈哈哈哈哈哈哈哈,1
2160,2350507681,昵称都被占用后的妥协,可能爹不管，跟吴邪和他三叔似的（无意ky,152
2161,1443604775,爱吃蛋糕的公羊凝静,太心机了,18
2162,1596477769,喜欢吃梨的东野雅诗,哈哈哈哈哈哈哈哈哈哈哈哈哈哈哈哈哈哈哈,5
2163,1500924101,The sun☆,细节处理的很好,13
2164,1515645275483968,奔驰四亿,打水漂了,238
2165,1477049755,熠晟煜,哈哈哈哈哈，看剧的各位也有文化啊,119
2166,1226806286,188****1935_m1549,起风了,0
2167,1359318102,斜纹夜蛾大爆发,欧阳锋：克儿啊,174
2168,1736888846,胡同时光,还是好人多,160
2169,2202183681,紫色花秘,梅兰竹菊，你只有兰,12
2170,2512366981,＠周瑜打黄盖,君子如兰 重在践行,17
2171,1441566847,爱武术の公仲承载,二叔还是清醒的,801
2172,1607470242,喜欢奔跑de士孙高邈,闹剧,4
2173,1595080250,喜欢抹茶的小可爱,哈哈哈哈,1
2174,1283054811226904,七七七七七千,哈哈哈哈哈哈哈哈哈哈哈哈哈哈哈哈哈哈哈哈哈哈哈哈哈哈哈哈哈哈哈,30
2175,1581359818609408,用户59e3d06401300,哈哈哈哈哈,1
2176,1419098419,Alfoil2020,礼义廉，无耻,463
2177,1646401863819520,秀繁姑娘,哈哈还是有点自知之明的,64
2178,1821985751,用户6c994bd7,辜老呢,9
2179,2431668432,玉凌仟,哈哈哈哈哈哈,1
2180,2348489198,无医无靠,助攻,4
2181,1447367041,爱柔道de青阳盈盈,哈哈哈,2
2182,1326806804202871,独悟独悟,文化战场各有各的观点,16
2183,789695541814041,谭小迪吖,目的是什么,123
2184,1426751632,你韧你精彩,你这一闹挺真给老实人逼急眼了哈哈哈,602
2185,1499509892,喜欢骑自行车de皇甫绣文,一路看过来，我还是不明确他们两的目的是什么啊,355
2186,1323523613,糊涂先生回来了zzz,哈哈哈哈哈哈,0
2187,1640431368,派派派大星啊o,目的就是制造舆论让他们受影响,68
2188,1404919809,小红帽爱睡觉,反派知道自己是反派,857
2189,1778008665,浥鲛！,来助攻一波,8
2190,1344253219,不浮夸夸夸,哈哈哈哈哈哈哈,0
2191,2339145876,蒋冬勤的爱奇艺帐号,《闹剧》,81
2192,1594877213,狡猾的🐰兔子,这毛巾铜盆,4
2193,1201421935,晚枫夏栀,看了这么久，突然发现不知道这俩为啥一开始就一路针对新文化？他到底俩图啥呢,616
2194,1013592830,1151206839,你办事，不放心,17
2195,1324708612015900,用户4b4d0c240071c,《放心》,318
2196,2431523617,无为幢,这俩人是真正的礼义廉。,361
2197,1289920083,187****1130_m1559,新旧之争，气运之争，谁失败谁就要淘汰,50
2198,1770245155,Candy16m,这铜盆我家有,1
2199,1816232994,用户6c418422,这么做，对他有啥好处呢,130
2200,2417466799,周伟光_qq1688,自称闹剧可还行,7
2201,1501149765,喜欢唱歌の夹谷清一,他们俩图啥呢?,50
2202,1372489501,病毒超级克星,这两叔侄真厉害挑战整个北大,14
2203,1504094732,喜欢吃面条の羊角悠柔,好剧推荐,1
